Inno Setup 6 Command-Line Compiler
Copyright (C) 1997-2026 Jordan Russell. All rights reserved.
Portions Copyright (C) 2000-2026 Martijn Laan. All rights reserved.
Portions Copyright (C) 2001-2004 Alex Yackimoff. All rights reserved.
https://www.innosetup.com

Compiler engine version: Inno Setup 6.7.1
Non-commercial use only

Preprocessing
   Reading file: C:\Program Files (x86)\Inno Setup 6\ISPPBuiltins.iss
Parsing [Setup] section, line 28
Parsing [Setup] section, line 29
Parsing [Setup] section, line 30
Parsing [Setup] section, line 31
Parsing [Setup] section, line 32
Parsing [Setup] section, line 33
Parsing [Setup] section, line 34
Parsing [Setup] section, line 35
Parsing [Setup] section, line 38
Parsing [Setup] section, line 39
Parsing [Setup] section, line 42
Parsing [Setup] section, line 45
Parsing [Setup] section, line 46
Parsing [Setup] section, line 47
Parsing [Setup] section, line 48
Parsing [Setup] section, line 51
Parsing [Setup] section, line 52
Parsing [Setup] section, line 53
Parsing [Setup] section, line 56
Parsing [Setup] section, line 57
Parsing [Setup] section, line 58
Parsing [Setup] section, line 61
Parsing [Setup] section, line 62
Parsing [Setup] section, line 63
Parsing [Setup] section, line 64
Parsing [Setup] section, line 67
Parsing [Setup] section, line 68
Parsing [Setup] section, line 71
Parsing [Setup] section, line 72
Parsing [Setup] section, line 73
Creating output directory: C:\BLUE_AI\output
Reading file (LicenseFile)
Reading file (WizardImageFile)
Reading file (WizardSmallImageFile)
Preparing Setup program executable
   Verification successful
   Updating icons (Setup.e32)
   Updating version info (Setup.e32)
Determining language code pages
Parsing [Languages] section, line 76
   Reading file: C:\Program Files (x86)\Inno Setup 6\Languages\Turkish.isl
   Messages in script file
Reading default messages from Default.isl
Parsing [Languages] section, line 76
   Reading file: C:\Program Files (x86)\Inno Setup 6\Languages\Turkish.isl
Parsing [LangOptions], [Messages], and [CustomMessages] sections
   Messages in script file
Reading [Code] section
Parsing [Tasks] section, line 82
Parsing [Tasks] section, line 83
Parsing [Tasks] section, line 84
Parsing [Icons] section, line 99
Parsing [Icons] section, line 100
Parsing [Icons] section, line 103
Parsing [Registry] section, line 107
Parsing [Registry] section, line 110
Parsing [Registry] section, line 111
Parsing [UninstallDelete] section, line 122
Parsing [UninstallDelete] section, line 123
Parsing [UninstallDelete] section, line 124
Parsing [Run] section, line 115
Parsing [Run] section, line 118
Parsing [UninstallRun] section, line 128
Parsing [Files] section, line 88
Parsing [Files] section, line 91
Parsing [Files] section, line 94
Parsing [Files] section, line 95
Compiling [Code] section
Creating setup files
   Verification successful
   Updating icons (Setup.exe)
   Using separate process for LZMA compression (islzma64.exe)
   Compressing: C:\BLUE_AI\installer\..\dist\BLUE_AI\BLUE_AI.exe
   Verification successful
   Compressing: C:\BLUE_AI\installer\..\dist\BLUE_AI\_internal\81d243bd2c585b0f4821__mypyc.cp312-win_amd64.pyd
   Compressing: C:\BLUE_AI\installer\..\dist\BLUE_AI\_internal\api-ms-win-core-console-l1-1-0.dll
   Compressing: C:\BLUE_AI\installer\..\dist\BLUE_AI\_internal\api-ms-win-core-datetime-l1-1-0.dll
   Compressing: C:\BLUE_AI\installer\..\dist\BLUE_AI\_internal\api-ms-win-core-debug-l1-1-0.dll
   Compressing: C:\BLUE_AI\installer\..\dist\BLUE_AI\_internal\api-ms-win-core-errorhandling-l1-1-0.dll
   Compressing: C:\BLUE_AI\installer\..\dist\BLUE_AI\_internal\api-ms-win-core-fibers-l1-1-0.dll
   Compressing: C:\BLUE_AI\installer\..\dist\BLUE_AI\_internal\api-ms-win-core-file-l1-1-0.dll
   Compressing: C:\BLUE_AI\installer\..\dist\BLUE_AI\_internal\api-ms-win-core-file-l1-2-0.dll
   Compressing: C:\BLUE_AI\installer\..\dist\BLUE_AI\_internal\api-ms-win-core-file-l2-1-0.dll
   Compressing: C:\BLUE_AI\installer\..\dist\BLUE_AI\_internal\api-ms-win-core-handle-l1-1-0.dll
   Compressing: C:\BLUE_AI\installer\..\dist\BLUE_AI\_internal\api-ms-win-core-heap-l1-1-0.dll
   Compressing: C:\BLUE_AI\installer\..\dist\BLUE_AI\_internal\api-ms-win-core-interlocked-l1-1-0.dll
   Compressing: C:\BLUE_AI\installer\..\dist\BLUE_AI\_internal\api-ms-win-core-libraryloader-l1-1-0.dll
   Compressing: C:\BLUE_AI\installer\..\dist\BLUE_AI\_internal\api-ms-win-core-localization-l1-2-0.dll
   Compressing: C:\BLUE_AI\installer\..\dist\BLUE_AI\_internal\api-ms-win-core-memory-l1-1-0.dll
   Compressing: C:\BLUE_AI\installer\..\dist\BLUE_AI\_internal\api-ms-win-core-namedpipe-l1-1-0.dll
   Compressing: C:\BLUE_AI\installer\..\dist\BLUE_AI\_internal\api-ms-win-core-processenvironment-l1-1-0.dll
   Compressing: C:\BLUE_AI\installer\..\dist\BLUE_AI\_internal\api-ms-win-core-processthreads-l1-1-0.dll
   Compressing: C:\BLUE_AI\installer\..\dist\BLUE_AI\_internal\api-ms-win-core-processthreads-l1-1-1.dll
   Compressing: C:\BLUE_AI\installer\..\dist\BLUE_AI\_internal\api-ms-win-core-profile-l1-1-0.dll
   Compressing: C:\BLUE_AI\installer\..\dist\BLUE_AI\_internal\api-ms-win-core-rtlsupport-l1-1-0.dll
   Compressing: C:\BLUE_AI\installer\..\dist\BLUE_AI\_internal\api-ms-win-core-string-l1-1-0.dll
   Compressing: C:\BLUE_AI\installer\..\dist\BLUE_AI\_internal\api-ms-win-core-synch-l1-1-0.dll
   Compressing: C:\BLUE_AI\installer\..\dist\BLUE_AI\_internal\api-ms-win-core-synch-l1-2-0.dll
   Compressing: C:\BLUE_AI\installer\..\dist\BLUE_AI\_internal\api-ms-win-core-sysinfo-l1-1-0.dll
   Compressing: C:\BLUE_AI\installer\..\dist\BLUE_AI\_internal\api-ms-win-core-timezone-l1-1-0.dll
   Compressing: C:\BLUE_AI\installer\..\dist\BLUE_AI\_internal\api-ms-win-core-util-l1-1-0.dll
   Compressing: C:\BLUE_AI\installer\..\dist\BLUE_AI\_internal\api-ms-win-crt-conio-l1-1-0.dll
   Compressing: C:\BLUE_AI\installer\..\dist\BLUE_AI\_internal\api-ms-win-crt-convert-l1-1-0.dll
   Compressing: C:\BLUE_AI\installer\..\dist\BLUE_AI\_internal\api-ms-win-crt-environment-l1-1-0.dll
   Compressing: C:\BLUE_AI\installer\..\dist\BLUE_AI\_internal\api-ms-win-crt-filesystem-l1-1-0.dll
   Compressing: C:\BLUE_AI\installer\..\dist\BLUE_AI\_internal\api-ms-win-crt-heap-l1-1-0.dll
   Compressing: C:\BLUE_AI\installer\..\dist\BLUE_AI\_internal\api-ms-win-crt-locale-l1-1-0.dll
   Compressing: C:\BLUE_AI\installer\..\dist\BLUE_AI\_internal\api-ms-win-crt-math-l1-1-0.dll
   Compressing: C:\BLUE_AI\installer\..\dist\BLUE_AI\_internal\api-ms-win-crt-multibyte-l1-1-0.dll
   Compressing: C:\BLUE_AI\installer\..\dist\BLUE_AI\_internal\api-ms-win-crt-private-l1-1-0.dll
   Compressing: C:\BLUE_AI\installer\..\dist\BLUE_AI\_internal\api-ms-win-crt-process-l1-1-0.dll
   Compressing: C:\BLUE_AI\installer\..\dist\BLUE_AI\_internal\api-ms-win-crt-runtime-l1-1-0.dll
   Compressing: C:\BLUE_AI\installer\..\dist\BLUE_AI\_internal\api-ms-win-crt-stdio-l1-1-0.dll
   Compressing: C:\BLUE_AI\installer\..\dist\BLUE_AI\_internal\api-ms-win-crt-string-l1-1-0.dll
   Compressing: C:\BLUE_AI\installer\..\dist\BLUE_AI\_internal\api-ms-win-crt-time-l1-1-0.dll
   Compressing: C:\BLUE_AI\installer\..\dist\BLUE_AI\_internal\api-ms-win-crt-utility-l1-1-0.dll
   Compressing: C:\BLUE_AI\installer\..\dist\BLUE_AI\_internal\base_library.zip
   Compressing: C:\BLUE_AI\installer\..\dist\BLUE_AI\_internal\libcrypto-3.dll
   Compressing: C:\BLUE_AI\installer\..\dist\BLUE_AI\_internal\libffi-8.dll
   Compressing: C:\BLUE_AI\installer\..\dist\BLUE_AI\_internal\libgcc_s_seh-1.dll
   Compressing: C:\BLUE_AI\installer\..\dist\BLUE_AI\_internal\libssl-3.dll
   Compressing: C:\BLUE_AI\installer\..\dist\BLUE_AI\_internal\libstdc++-6.dll
   Compressing: C:\BLUE_AI\installer\..\dist\BLUE_AI\_internal\libvosk.dll
   Compressing: C:\BLUE_AI\installer\..\dist\BLUE_AI\_internal\libwinpthread-1.dll
   Compressing: C:\BLUE_AI\installer\..\dist\BLUE_AI\_internal\msvcp140.dll
   Compressing: C:\BLUE_AI\installer\..\dist\BLUE_AI\_internal\MSVCP140_1.dll
   Compressing: C:\BLUE_AI\installer\..\dist\BLUE_AI\_internal\pyexpat.pyd
   Compressing: C:\BLUE_AI\installer\..\dist\BLUE_AI\_internal\python3.dll
   Compressing: C:\BLUE_AI\installer\..\dist\BLUE_AI\_internal\python312.dll
   Compressing: C:\BLUE_AI\installer\..\dist\BLUE_AI\_internal\select.pyd
   Compressing: C:\BLUE_AI\installer\..\dist\BLUE_AI\_internal\sqlite3.dll
   Compressing: C:\BLUE_AI\installer\..\dist\BLUE_AI\_internal\ucrtbase.dll
   Compressing: C:\BLUE_AI\installer\..\dist\BLUE_AI\_internal\unicodedata.pyd
   Compressing: C:\BLUE_AI\installer\..\dist\BLUE_AI\_internal\VCOMP140.DLL
   Compressing: C:\BLUE_AI\installer\..\dist\BLUE_AI\_internal\vcruntime140.dll
   Compressing: C:\BLUE_AI\installer\..\dist\BLUE_AI\_internal\vcruntime140_1.dll
   Compressing: C:\BLUE_AI\installer\..\dist\BLUE_AI\_internal\_asyncio.pyd
   Compressing: C:\BLUE_AI\installer\..\dist\BLUE_AI\_internal\_bz2.pyd
   Compressing: C:\BLUE_AI\installer\..\dist\BLUE_AI\_internal\_cffi_backend.cp312-win_amd64.pyd
   Compressing: C:\BLUE_AI\installer\..\dist\BLUE_AI\_internal\_ctypes.pyd
   Compressing: C:\BLUE_AI\installer\..\dist\BLUE_AI\_internal\_decimal.pyd
   Compressing: C:\BLUE_AI\installer\..\dist\BLUE_AI\_internal\_elementtree.pyd
   Compressing: C:\BLUE_AI\installer\..\dist\BLUE_AI\_internal\_hashlib.pyd
   Compressing: C:\BLUE_AI\installer\..\dist\BLUE_AI\_internal\_lzma.pyd
   Compressing: C:\BLUE_AI\installer\..\dist\BLUE_AI\_internal\_multiprocessing.pyd
   Compressing: C:\BLUE_AI\installer\..\dist\BLUE_AI\_internal\_overlapped.pyd
   Compressing: C:\BLUE_AI\installer\..\dist\BLUE_AI\_internal\_queue.pyd
   Compressing: C:\BLUE_AI\installer\..\dist\BLUE_AI\_internal\_socket.pyd
   Compressing: C:\BLUE_AI\installer\..\dist\BLUE_AI\_internal\_sqlite3.pyd
   Compressing: C:\BLUE_AI\installer\..\dist\BLUE_AI\_internal\_ssl.pyd
   Compressing: C:\BLUE_AI\installer\..\dist\BLUE_AI\_internal\_uuid.pyd
   Compressing: C:\BLUE_AI\installer\..\dist\BLUE_AI\_internal\_wmi.pyd
   Compressing: C:\BLUE_AI\installer\..\dist\BLUE_AI\_internal\_zoneinfo.pyd
   Compressing: C:\BLUE_AI\installer\..\dist\BLUE_AI\_internal\aiohttp\_http_parser.cp312-win_amd64.pyd
   Compressing: C:\BLUE_AI\installer\..\dist\BLUE_AI\_internal\aiohttp\_http_writer.cp312-win_amd64.pyd
   Compressing: C:\BLUE_AI\installer\..\dist\BLUE_AI\_internal\aiohttp\_websocket\mask.cp312-win_amd64.pyd
   Compressing: C:\BLUE_AI\installer\..\dist\BLUE_AI\_internal\aiohttp\_websocket\reader_c.cp312-win_amd64.pyd
   Compressing: C:\BLUE_AI\installer\..\dist\BLUE_AI\_internal\attrs-26.1.0.dist-info\INSTALLER
   Compressing: C:\BLUE_AI\installer\..\dist\BLUE_AI\_internal\attrs-26.1.0.dist-info\METADATA
   Compressing: C:\BLUE_AI\installer\..\dist\BLUE_AI\_internal\attrs-26.1.0.dist-info\RECORD
   Compressing: C:\BLUE_AI\installer\..\dist\BLUE_AI\_internal\attrs-26.1.0.dist-info\WHEEL
   Compressing: C:\BLUE_AI\installer\..\dist\BLUE_AI\_internal\attrs-26.1.0.dist-info\licenses\LICENSE
   Compressing: C:\BLUE_AI\installer\..\dist\BLUE_AI\_internal\av\bitstream.pyd
   Compressing: C:\BLUE_AI\installer\..\dist\BLUE_AI\_internal\av\buffer.pyd
   Compressing: C:\BLUE_AI\installer\..\dist\BLUE_AI\_internal\av\descriptor.pyd
   Compressing: C:\BLUE_AI\installer\..\dist\BLUE_AI\_internal\av\device.pyd
   Compressing: C:\BLUE_AI\installer\..\dist\BLUE_AI\_internal\av\dictionary.pyd
   Compressing: C:\BLUE_AI\installer\..\dist\BLUE_AI\_internal\av\error.pyd
   Compressing: C:\BLUE_AI\installer\..\dist\BLUE_AI\_internal\av\format.pyd
   Compressing: C:\BLUE_AI\installer\..\dist\BLUE_AI\_internal\av\frame.pyd
   Compressing: C:\BLUE_AI\installer\..\dist\BLUE_AI\_internal\av\index.pyd
   Compressing: C:\BLUE_AI\installer\..\dist\BLUE_AI\_internal\av\logging.pyd
   Compressing: C:\BLUE_AI\installer\..\dist\BLUE_AI\_internal\av\opaque.pyd
   Compressing: C:\BLUE_AI\installer\..\dist\BLUE_AI\_internal\av\option.pyd
   Compressing: C:\BLUE_AI\installer\..\dist\BLUE_AI\_internal\av\packet.pyd
   Compressing: C:\BLUE_AI\installer\..\dist\BLUE_AI\_internal\av\plane.pyd
   Compressing: C:\BLUE_AI\installer\..\dist\BLUE_AI\_internal\av\stream.pyd
   Compressing: C:\BLUE_AI\installer\..\dist\BLUE_AI\_internal\av\utils.pyd
   Compressing: C:\BLUE_AI\installer\..\dist\BLUE_AI\_internal\av\_core.pyd
   Compressing: C:\BLUE_AI\installer\..\dist\BLUE_AI\_internal\av\audio\codeccontext.pyd
   Compressing: C:\BLUE_AI\installer\..\dist\BLUE_AI\_internal\av\audio\fifo.pyd
   Compressing: C:\BLUE_AI\installer\..\dist\BLUE_AI\_internal\av\audio\format.pyd
   Compressing: C:\BLUE_AI\installer\..\dist\BLUE_AI\_internal\av\audio\frame.pyd
   Compressing: C:\BLUE_AI\installer\..\dist\BLUE_AI\_internal\av\audio\layout.pyd
   Compressing: C:\BLUE_AI\installer\..\dist\BLUE_AI\_internal\av\audio\plane.pyd
   Compressing: C:\BLUE_AI\installer\..\dist\BLUE_AI\_internal\av\audio\resampler.pyd
   Compressing: C:\BLUE_AI\installer\..\dist\BLUE_AI\_internal\av\audio\stream.pyd
   Compressing: C:\BLUE_AI\installer\..\dist\BLUE_AI\_internal\av\codec\codec.pyd
   Compressing: C:\BLUE_AI\installer\..\dist\BLUE_AI\_internal\av\codec\context.pyd
   Compressing: C:\BLUE_AI\installer\..\dist\BLUE_AI\_internal\av\codec\hwaccel.pyd
   Compressing: C:\BLUE_AI\installer\..\dist\BLUE_AI\_internal\av\container\core.pyd
   Compressing: C:\BLUE_AI\installer\..\dist\BLUE_AI\_internal\av\container\input.pyd
   Compressing: C:\BLUE_AI\installer\..\dist\BLUE_AI\_internal\av\container\output.pyd
   Compressing: C:\BLUE_AI\installer\..\dist\BLUE_AI\_internal\av\container\pyio.pyd
   Compressing: C:\BLUE_AI\installer\..\dist\BLUE_AI\_internal\av\container\streams.pyd
   Compressing: C:\BLUE_AI\installer\..\dist\BLUE_AI\_internal\av\filter\context.pyd
   Compressing: C:\BLUE_AI\installer\..\dist\BLUE_AI\_internal\av\filter\filter.pyd
   Compressing: C:\BLUE_AI\installer\..\dist\BLUE_AI\_internal\av\filter\graph.pyd
   Compressing: C:\BLUE_AI\installer\..\dist\BLUE_AI\_internal\av\filter\link.pyd
   Compressing: C:\BLUE_AI\installer\..\dist\BLUE_AI\_internal\av\filter\loudnorm.pyd
   Compressing: C:\BLUE_AI\installer\..\dist\BLUE_AI\_internal\av\sidedata\encparams.pyd
   Compressing: C:\BLUE_AI\installer\..\dist\BLUE_AI\_internal\av\sidedata\motionvectors.pyd
   Compressing: C:\BLUE_AI\installer\..\dist\BLUE_AI\_internal\av\sidedata\sidedata.pyd
   Compressing: C:\BLUE_AI\installer\..\dist\BLUE_AI\_internal\av\subtitles\codeccontext.pyd
   Compressing: C:\BLUE_AI\installer\..\dist\BLUE_AI\_internal\av\subtitles\stream.pyd
   Compressing: C:\BLUE_AI\installer\..\dist\BLUE_AI\_internal\av\subtitles\subtitle.pyd
   Compressing: C:\BLUE_AI\installer\..\dist\BLUE_AI\_internal\av\video\codeccontext.pyd
   Compressing: C:\BLUE_AI\installer\..\dist\BLUE_AI\_internal\av\video\format.pyd
   Compressing: C:\BLUE_AI\installer\..\dist\BLUE_AI\_internal\av\video\frame.pyd
   Compressing: C:\BLUE_AI\installer\..\dist\BLUE_AI\_internal\av\video\plane.pyd
   Compressing: C:\BLUE_AI\installer\..\dist\BLUE_AI\_internal\av\video\reformatter.pyd
   Compressing: C:\BLUE_AI\installer\..\dist\BLUE_AI\_internal\av\video\stream.pyd
   Compressing: C:\BLUE_AI\installer\..\dist\BLUE_AI\_internal\av.libs\avcodec-62-3940774d70936a4a2ea89886c85e9317.dll
   Compressing: C:\BLUE_AI\installer\..\dist\BLUE_AI\_internal\av.libs\avdevice-62-766e6dd5f8c7fd8d737de0ee962a3bfd.dll
   Compressing: C:\BLUE_AI\installer\..\dist\BLUE_AI\_internal\av.libs\avfilter-11-f92a6b8cb3ef788fc4280b60af7ff6b5.dll
   Compressing: C:\BLUE_AI\installer\..\dist\BLUE_AI\_internal\av.libs\avformat-62-2be7dd535524c05af04f1022f20ff113.dll
   Compressing: C:\BLUE_AI\installer\..\dist\BLUE_AI\_internal\av.libs\avutil-60-f9538342a3d3617535a6e391bd72c482.dll
   Compressing: C:\BLUE_AI\installer\..\dist\BLUE_AI\_internal\av.libs\libdav1d-2854208e7402bc0207d81c69183d2d55.dll
   Compressing: C:\BLUE_AI\installer\..\dist\BLUE_AI\_internal\av.libs\libgcc_s_seh-1-3a8ef13ba1b41e1f6f0c464b6cc39141.dll
   Compressing: C:\BLUE_AI\installer\..\dist\BLUE_AI\_internal\av.libs\libiconv-2-ae7b916fbe4f07d00594ccf5b482cd92.dll
   Compressing: C:\BLUE_AI\installer\..\dist\BLUE_AI\_internal\av.libs\libmp3lame-0-a40e869d35020af0f107aa1ac8422722.dll
   Compressing: C:\BLUE_AI\installer\..\dist\BLUE_AI\_internal\av.libs\libogg-0-3c0d59d85a7487ccfe2b7e3f1ec0a8e6.dll
   Compressing: C:\BLUE_AI\installer\..\dist\BLUE_AI\_internal\av.libs\libopencore-amrnb-0-a12cef9e3ba1bd5045a731c65b6f09ea.dll
   Compressing: C:\BLUE_AI\installer\..\dist\BLUE_AI\_internal\av.libs\libopencore-amrwb-0-cf5ea681342bef4ee8af3e51e6be55d7.dll
   Compressing: C:\BLUE_AI\installer\..\dist\BLUE_AI\_internal\av.libs\libopenh264-7-750382b3e9621d634b578275276a2ff7.dll
   Compressing: C:\BLUE_AI\installer\..\dist\BLUE_AI\_internal\av.libs\libopus-0-fb6521a3026e90bf1d367739ba9d7e1c.dll
   Compressing: C:\BLUE_AI\installer\..\dist\BLUE_AI\_internal\av.libs\libsharpyuv-01e2902fb55969a9ac20a3341865c1ef.dll
   Compressing: C:\BLUE_AI\installer\..\dist\BLUE_AI\_internal\av.libs\libspeex-1-ba4815f6ed79adf1b23cd127d9d8eaab.dll
   Compressing: C:\BLUE_AI\installer\..\dist\BLUE_AI\_internal\av.libs\libstdc++-6-6ebbb912d64b3a5dab46558325e09937.dll
   Compressing: C:\BLUE_AI\installer\..\dist\BLUE_AI\_internal\av.libs\libSvtAv1Enc-fb4b3af5fd3747228b98cb4aefb94824.dll
   Compressing: C:\BLUE_AI\installer\..\dist\BLUE_AI\_internal\av.libs\libvorbis-0-8cd95dec6ff8998dc9f6dcfa8f2d7774.dll
   Compressing: C:\BLUE_AI\installer\..\dist\BLUE_AI\_internal\av.libs\libvorbisenc-2-2f569ff7b44c838288ad93bb99e3a711.dll
   Compressing: C:\BLUE_AI\installer\..\dist\BLUE_AI\_internal\av.libs\libvpl-0ab370e90005ea546d35a470a4f868f5.dll
   Compressing: C:\BLUE_AI\installer\..\dist\BLUE_AI\_internal\av.libs\libvpx-1-9d6803226398ef2833bb80efd4316820.dll
   Compressing: C:\BLUE_AI\installer\..\dist\BLUE_AI\_internal\av.libs\libwebp-3b7b09eb07baa72c65eb22fd48b02534.dll
   Compressing: C:\BLUE_AI\installer\..\dist\BLUE_AI\_internal\av.libs\libwebpmux-53ac7751e913f0e551cf8009d2a980b0.dll
   Compressing: C:\BLUE_AI\installer\..\dist\BLUE_AI\_internal\av.libs\libwinpthread-1-48c4238b59e26fb10619fa726758a7eb.dll
   Compressing: C:\BLUE_AI\installer\..\dist\BLUE_AI\_internal\av.libs\libx264-165-a7a268a1f003004287007cd3db81cdbf.dll
   Compressing: C:\BLUE_AI\installer\..\dist\BLUE_AI\_internal\av.libs\libx265-69ce56c9697f2c7ef6b7218fe3c79e94.dll
   Compressing: C:\BLUE_AI\installer\..\dist\BLUE_AI\_internal\av.libs\swresample-6-5c7b6591ccd2418794032a025b353420.dll
   Compressing: C:\BLUE_AI\installer\..\dist\BLUE_AI\_internal\av.libs\swscale-9-83e116b1f922de2417186c4b455a287a.dll
   Compressing: C:\BLUE_AI\installer\..\dist\BLUE_AI\_internal\av.libs\zlib1-29152992f0da46321a6677f166b0d3ff.dll
   Compressing: C:\BLUE_AI\installer\..\dist\BLUE_AI\_internal\certifi\cacert.pem
   Compressing: C:\BLUE_AI\installer\..\dist\BLUE_AI\_internal\certifi\py.typed
   Compressing: C:\BLUE_AI\installer\..\dist\BLUE_AI\_internal\charset_normalizer\cd.cp312-win_amd64.pyd
   Compressing: C:\BLUE_AI\installer\..\dist\BLUE_AI\_internal\charset_normalizer\md.cp312-win_amd64.pyd
   Compressing: C:\BLUE_AI\installer\..\dist\BLUE_AI\_internal\click-8.3.1.dist-info\INSTALLER
   Compressing: C:\BLUE_AI\installer\..\dist\BLUE_AI\_internal\click-8.3.1.dist-info\METADATA
   Compressing: C:\BLUE_AI\installer\..\dist\BLUE_AI\_internal\click-8.3.1.dist-info\RECORD
   Compressing: C:\BLUE_AI\installer\..\dist\BLUE_AI\_internal\click-8.3.1.dist-info\WHEEL
   Compressing: C:\BLUE_AI\installer\..\dist\BLUE_AI\_internal\click-8.3.1.dist-info\licenses\LICENSE.txt
   Compressing: C:\BLUE_AI\installer\..\dist\BLUE_AI\_internal\clr_loader\ffi\dlls\amd64\ClrLoader.dll
   Compressing: C:\BLUE_AI\installer\..\dist\BLUE_AI\_internal\clr_loader\ffi\dlls\x86\ClrLoader.dll
   Compressing: C:\BLUE_AI\installer\..\dist\BLUE_AI\_internal\config\blue_ai.toml
   Compressing: C:\BLUE_AI\installer\..\dist\BLUE_AI\_internal\ctranslate2\ctranslate2.dll
   Compressing: C:\BLUE_AI\installer\..\dist\BLUE_AI\_internal\ctranslate2\libiomp5md.dll
   Compressing: C:\BLUE_AI\installer\..\dist\BLUE_AI\_internal\ctranslate2\_ext.cp312-win_amd64.pyd
   Compressing: C:\BLUE_AI\installer\..\dist\BLUE_AI\_internal\data\models\brain_intent_model.joblib
   Compressing: C:\BLUE_AI\installer\..\dist\BLUE_AI\_internal\data\models\vosk-model-small-tr-0.3\disambig_tid.int
   Compressing: C:\BLUE_AI\installer\..\dist\BLUE_AI\_internal\data\models\vosk-model-small-tr-0.3\final.mdl
   Compressing: C:\BLUE_AI\installer\..\dist\BLUE_AI\_internal\data\models\vosk-model-small-tr-0.3\Gr.fst
   Compressing: C:\BLUE_AI\installer\..\dist\BLUE_AI\_internal\data\models\vosk-model-small-tr-0.3\HCLr.fst
   Compressing: C:\BLUE_AI\installer\..\dist\BLUE_AI\_internal\data\models\vosk-model-small-tr-0.3\mfcc.conf
   Compressing: C:\BLUE_AI\installer\..\dist\BLUE_AI\_internal\data\models\vosk-model-small-tr-0.3\README
   Compressing: C:\BLUE_AI\installer\..\dist\BLUE_AI\_internal\data\models\vosk-model-small-tr-0.3\word_boundary.int
   Compressing: C:\BLUE_AI\installer\..\dist\BLUE_AI\_internal\data\models\vosk-model-small-tr-0.3\ivector\final.dubm
   Compressing: C:\BLUE_AI\installer\..\dist\BLUE_AI\_internal\data\models\vosk-model-small-tr-0.3\ivector\final.ie
   Compressing: C:\BLUE_AI\installer\..\dist\BLUE_AI\_internal\data\models\vosk-model-small-tr-0.3\ivector\final.mat
   Compressing: C:\BLUE_AI\installer\..\dist\BLUE_AI\_internal\data\models\vosk-model-small-tr-0.3\ivector\global_cmvn.stats
   Compressing: C:\BLUE_AI\installer\..\dist\BLUE_AI\_internal\data\models\vosk-model-small-tr-0.3\ivector\online_cmvn.conf
   Compressing: C:\BLUE_AI\installer\..\dist\BLUE_AI\_internal\data\models\vosk-model-small-tr-0.3\ivector\splice.conf
   Compressing: C:\BLUE_AI\installer\..\dist\BLUE_AI\_internal\data\training\base_intents.json
   Compressing: C:\BLUE_AI\installer\..\dist\BLUE_AI\_internal\data\training\brain_dataset.json
   Compressing: C:\BLUE_AI\installer\..\dist\BLUE_AI\_internal\data\training\intent_dataset.json
   Compressing: C:\BLUE_AI\installer\..\dist\BLUE_AI\_internal\docx\py.typed
   Compressing: C:\BLUE_AI\installer\..\dist\BLUE_AI\_internal\docx\templates\default-comments.xml
   Compressing: C:\BLUE_AI\installer\..\dist\BLUE_AI\_internal\docx\templates\default-footer.xml
   Compressing: C:\BLUE_AI\installer\..\dist\BLUE_AI\_internal\docx\templates\default-header.xml
   Compressing: C:\BLUE_AI\installer\..\dist\BLUE_AI\_internal\docx\templates\default-settings.xml
   Compressing: C:\BLUE_AI\installer\..\dist\BLUE_AI\_internal\docx\templates\default-styles.xml
   Compressing: C:\BLUE_AI\installer\..\dist\BLUE_AI\_internal\docx\templates\default.docx
   Compressing: C:\BLUE_AI\installer\..\dist\BLUE_AI\_internal\docx\templates\default-docx-template\[Content_Types].xml
   Compressing: C:\BLUE_AI\installer\..\dist\BLUE_AI\_internal\docx\templates\default-docx-template\customXml\item1.xml
   Compressing: C:\BLUE_AI\installer\..\dist\BLUE_AI\_internal\docx\templates\default-docx-template\customXml\itemProps1.xml
   Compressing: C:\BLUE_AI\installer\..\dist\BLUE_AI\_internal\docx\templates\default-docx-template\customXml\_rels\item1.xml.rels
   Compressing: C:\BLUE_AI\installer\..\dist\BLUE_AI\_internal\docx\templates\default-docx-template\docProps\app.xml
   Compressing: C:\BLUE_AI\installer\..\dist\BLUE_AI\_internal\docx\templates\default-docx-template\docProps\core.xml
   Compressing: C:\BLUE_AI\installer\..\dist\BLUE_AI\_internal\docx\templates\default-docx-template\docProps\thumbnail.jpeg
   Compressing: C:\BLUE_AI\installer\..\dist\BLUE_AI\_internal\docx\templates\default-docx-template\word\document.xml
   Compressing: C:\BLUE_AI\installer\..\dist\BLUE_AI\_internal\docx\templates\default-docx-template\word\fontTable.xml
   Compressing: C:\BLUE_AI\installer\..\dist\BLUE_AI\_internal\docx\templates\default-docx-template\word\numbering.xml
   Compressing: C:\BLUE_AI\installer\..\dist\BLUE_AI\_internal\docx\templates\default-docx-template\word\settings.xml
   Compressing: C:\BLUE_AI\installer\..\dist\BLUE_AI\_internal\docx\templates\default-docx-template\word\styles.xml
   Compressing: C:\BLUE_AI\installer\..\dist\BLUE_AI\_internal\docx\templates\default-docx-template\word\stylesWithEffects.xml
   Compressing: C:\BLUE_AI\installer\..\dist\BLUE_AI\_internal\docx\templates\default-docx-template\word\webSettings.xml
   Compressing: C:\BLUE_AI\installer\..\dist\BLUE_AI\_internal\docx\templates\default-docx-template\word\theme\theme1.xml
   Compressing: C:\BLUE_AI\installer\..\dist\BLUE_AI\_internal\docx\templates\default-docx-template\word\_rels\document.xml.rels
   Compressing: C:\BLUE_AI\installer\..\dist\BLUE_AI\_internal\docx\templates\default-docx-template\_rels\.rels
   Compressing: C:\BLUE_AI\installer\..\dist\BLUE_AI\_internal\faster_whisper\assets\silero_vad_v6.onnx
   Compressing: C:\BLUE_AI\installer\..\dist\BLUE_AI\_internal\faster_whisper\assets\__init__.py
   Compressing: C:\BLUE_AI\installer\..\dist\BLUE_AI\_internal\faster_whisper\assets\__pycache__\__init__.cpython-312.pyc
   Compressing: C:\BLUE_AI\installer\..\dist\BLUE_AI\_internal\frozenlist\_frozenlist.cp312-win_amd64.pyd
   Compressing: C:\BLUE_AI\installer\..\dist\BLUE_AI\_internal\hf_xet\hf_xet.pyd
   Compressing: C:\BLUE_AI\installer\..\dist\BLUE_AI\_internal\itsdangerous-2.2.0.dist-info\INSTALLER
   Compressing: C:\BLUE_AI\installer\..\dist\BLUE_AI\_internal\itsdangerous-2.2.0.dist-info\LICENSE.txt
   Compressing: C:\BLUE_AI\installer\..\dist\BLUE_AI\_internal\itsdangerous-2.2.0.dist-info\METADATA
   Compressing: C:\BLUE_AI\installer\..\dist\BLUE_AI\_internal\itsdangerous-2.2.0.dist-info\RECORD
   Compressing: C:\BLUE_AI\installer\..\dist\BLUE_AI\_internal\itsdangerous-2.2.0.dist-info\WHEEL
   Compressing: C:\BLUE_AI\installer\..\dist\BLUE_AI\_internal\lxml\builder.cp312-win_amd64.pyd
   Compressing: C:\BLUE_AI\installer\..\dist\BLUE_AI\_internal\lxml\etree.cp312-win_amd64.pyd
   Compressing: C:\BLUE_AI\installer\..\dist\BLUE_AI\_internal\lxml\objectify.cp312-win_amd64.pyd
   Compressing: C:\BLUE_AI\installer\..\dist\BLUE_AI\_internal\lxml\sax.cp312-win_amd64.pyd
   Compressing: C:\BLUE_AI\installer\..\dist\BLUE_AI\_internal\lxml\_elementpath.cp312-win_amd64.pyd
   Compressing: C:\BLUE_AI\installer\..\dist\BLUE_AI\_internal\lxml\html\diff.cp312-win_amd64.pyd
   Compressing: C:\BLUE_AI\installer\..\dist\BLUE_AI\_internal\lxml\html\_difflib.cp312-win_amd64.pyd
   Compressing: C:\BLUE_AI\installer\..\dist\BLUE_AI\_internal\lxml\isoschematron\resources\rng\iso-schematron.rng
   Compressing: C:\BLUE_AI\installer\..\dist\BLUE_AI\_internal\lxml\isoschematron\resources\xsl\RNG2Schtrn.xsl
   Compressing: C:\BLUE_AI\installer\..\dist\BLUE_AI\_internal\lxml\isoschematron\resources\xsl\XSD2Schtrn.xsl
   Compressing: C:\BLUE_AI\installer\..\dist\BLUE_AI\_internal\lxml\isoschematron\resources\xsl\iso-schematron-xslt1\iso_abstract_expand.xsl
   Compressing: C:\BLUE_AI\installer\..\dist\BLUE_AI\_internal\lxml\isoschematron\resources\xsl\iso-schematron-xslt1\iso_dsdl_include.xsl
   Compressing: C:\BLUE_AI\installer\..\dist\BLUE_AI\_internal\lxml\isoschematron\resources\xsl\iso-schematron-xslt1\iso_schematron_message.xsl
   Compressing: C:\BLUE_AI\installer\..\dist\BLUE_AI\_internal\lxml\isoschematron\resources\xsl\iso-schematron-xslt1\iso_schematron_skeleton_for_xslt1.xsl
   Compressing: C:\BLUE_AI\installer\..\dist\BLUE_AI\_internal\lxml\isoschematron\resources\xsl\iso-schematron-xslt1\iso_svrl_for_xslt1.xsl
   Compressing: C:\BLUE_AI\installer\..\dist\BLUE_AI\_internal\lxml\isoschematron\resources\xsl\iso-schematron-xslt1\readme.txt
   Compressing: C:\BLUE_AI\installer\..\dist\BLUE_AI\_internal\markupsafe\_speedups.cp312-win_amd64.pyd
   Compressing: C:\BLUE_AI\installer\..\dist\BLUE_AI\_internal\markupsafe-3.0.3.dist-info\INSTALLER
   Compressing: C:\BLUE_AI\installer\..\dist\BLUE_AI\_internal\markupsafe-3.0.3.dist-info\METADATA
   Compressing: C:\BLUE_AI\installer\..\dist\BLUE_AI\_internal\markupsafe-3.0.3.dist-info\RECORD
   Compressing: C:\BLUE_AI\installer\..\dist\BLUE_AI\_internal\markupsafe-3.0.3.dist-info\top_level.txt
   Compressing: C:\BLUE_AI\installer\..\dist\BLUE_AI\_internal\markupsafe-3.0.3.dist-info\WHEEL
   Compressing: C:\BLUE_AI\installer\..\dist\BLUE_AI\_internal\markupsafe-3.0.3.dist-info\licenses\LICENSE.txt
   Compressing: C:\BLUE_AI\installer\..\dist\BLUE_AI\_internal\mss\base.py
   Compressing: C:\BLUE_AI\installer\..\dist\BLUE_AI\_internal\mss\darwin.py
   Compressing: C:\BLUE_AI\installer\..\dist\BLUE_AI\_internal\mss\exception.py
   Compressing: C:\BLUE_AI\installer\..\dist\BLUE_AI\_internal\mss\factory.py
   Compressing: C:\BLUE_AI\installer\..\dist\BLUE_AI\_internal\mss\models.py
   Compressing: C:\BLUE_AI\installer\..\dist\BLUE_AI\_internal\mss\py.typed
   Compressing: C:\BLUE_AI\installer\..\dist\BLUE_AI\_internal\mss\screenshot.py
   Compressing: C:\BLUE_AI\installer\..\dist\BLUE_AI\_internal\mss\tools.py
   Compressing: C:\BLUE_AI\installer\..\dist\BLUE_AI\_internal\mss\__init__.py
   Compressing: C:\BLUE_AI\installer\..\dist\BLUE_AI\_internal\mss\__main__.py
   Compressing: C:\BLUE_AI\installer\..\dist\BLUE_AI\_internal\mss\linux\base.py
   Compressing: C:\BLUE_AI\installer\..\dist\BLUE_AI\_internal\mss\linux\xcb.py
   Compressing: C:\BLUE_AI\installer\..\dist\BLUE_AI\_internal\mss\linux\xcbgen.py
   Compressing: C:\BLUE_AI\installer\..\dist\BLUE_AI\_internal\mss\linux\xcbhelpers.py
   Compressing: C:\BLUE_AI\installer\..\dist\BLUE_AI\_internal\mss\linux\xgetimage.py
   Compressing: C:\BLUE_AI\installer\..\dist\BLUE_AI\_internal\mss\linux\xlib.py
   Compressing: C:\BLUE_AI\installer\..\dist\BLUE_AI\_internal\mss\linux\xshmgetimage.py
   Compressing: C:\BLUE_AI\installer\..\dist\BLUE_AI\_internal\mss\linux\__init__.py
   Compressing: C:\BLUE_AI\installer\..\dist\BLUE_AI\_internal\mss\windows\gdi.py
   Compressing: C:\BLUE_AI\installer\..\dist\BLUE_AI\_internal\mss\windows\__init__.py
   Compressing: C:\BLUE_AI\installer\..\dist\BLUE_AI\_internal\mss-10.2.0.dist-info\entry_points.txt
   Compressing: C:\BLUE_AI\installer\..\dist\BLUE_AI\_internal\mss-10.2.0.dist-info\INSTALLER
   Compressing: C:\BLUE_AI\installer\..\dist\BLUE_AI\_internal\mss-10.2.0.dist-info\METADATA
   Compressing: C:\BLUE_AI\installer\..\dist\BLUE_AI\_internal\mss-10.2.0.dist-info\RECORD
   Compressing: C:\BLUE_AI\installer\..\dist\BLUE_AI\_internal\mss-10.2.0.dist-info\REQUESTED
   Compressing: C:\BLUE_AI\installer\..\dist\BLUE_AI\_internal\mss-10.2.0.dist-info\WHEEL
   Compressing: C:\BLUE_AI\installer\..\dist\BLUE_AI\_internal\mss-10.2.0.dist-info\licenses\LICENSE.txt
   Compressing: C:\BLUE_AI\installer\..\dist\BLUE_AI\_internal\multidict\_multidict.cp312-win_amd64.pyd
   Compressing: C:\BLUE_AI\installer\..\dist\BLUE_AI\_internal\numpy\fft\_pocketfft_umath.cp312-win_amd64.pyd
   Compressing: C:\BLUE_AI\installer\..\dist\BLUE_AI\_internal\numpy\linalg\_umath_linalg.cp312-win_amd64.pyd
   Compressing: C:\BLUE_AI\installer\..\dist\BLUE_AI\_internal\numpy\random\bit_generator.cp312-win_amd64.pyd
   Compressing: C:\BLUE_AI\installer\..\dist\BLUE_AI\_internal\numpy\random\mtrand.cp312-win_amd64.pyd
   Compressing: C:\BLUE_AI\installer\..\dist\BLUE_AI\_internal\numpy\random\_bounded_integers.cp312-win_amd64.pyd
   Compressing: C:\BLUE_AI\installer\..\dist\BLUE_AI\_internal\numpy\random\_common.cp312-win_amd64.pyd
   Compressing: C:\BLUE_AI\installer\..\dist\BLUE_AI\_internal\numpy\random\_generator.cp312-win_amd64.pyd
   Compressing: C:\BLUE_AI\installer\..\dist\BLUE_AI\_internal\numpy\random\_mt19937.cp312-win_amd64.pyd
   Compressing: C:\BLUE_AI\installer\..\dist\BLUE_AI\_internal\numpy\random\_pcg64.cp312-win_amd64.pyd
   Compressing: C:\BLUE_AI\installer\..\dist\BLUE_AI\_internal\numpy\random\_philox.cp312-win_amd64.pyd
   Compressing: C:\BLUE_AI\installer\..\dist\BLUE_AI\_internal\numpy\random\_sfc64.cp312-win_amd64.pyd
   Compressing: C:\BLUE_AI\installer\..\dist\BLUE_AI\_internal\numpy\_core\_multiarray_tests.cp312-win_amd64.pyd
   Compressing: C:\BLUE_AI\installer\..\dist\BLUE_AI\_internal\numpy\_core\_multiarray_umath.cp312-win_amd64.pyd
   Compressing: C:\BLUE_AI\installer\..\dist\BLUE_AI\_internal\numpy-2.4.2.dist-info\DELVEWHEEL
   Compressing: C:\BLUE_AI\installer\..\dist\BLUE_AI\_internal\numpy-2.4.2.dist-info\entry_points.txt
   Compressing: C:\BLUE_AI\installer\..\dist\BLUE_AI\_internal\numpy-2.4.2.dist-info\INSTALLER
   Compressing: C:\BLUE_AI\installer\..\dist\BLUE_AI\_internal\numpy-2.4.2.dist-info\METADATA
   Compressing: C:\BLUE_AI\installer\..\dist\BLUE_AI\_internal\numpy-2.4.2.dist-info\RECORD
   Compressing: C:\BLUE_AI\installer\..\dist\BLUE_AI\_internal\numpy-2.4.2.dist-info\WHEEL
   Compressing: C:\BLUE_AI\installer\..\dist\BLUE_AI\_internal\numpy-2.4.2.dist-info\licenses\LICENSE.txt
   Compressing: C:\BLUE_AI\installer\..\dist\BLUE_AI\_internal\numpy-2.4.2.dist-info\licenses\numpy\fft\pocketfft\LICENSE.md
   Compressing: C:\BLUE_AI\installer\..\dist\BLUE_AI\_internal\numpy-2.4.2.dist-info\licenses\numpy\linalg\lapack_lite\LICENSE.txt
   Compressing: C:\BLUE_AI\installer\..\dist\BLUE_AI\_internal\numpy-2.4.2.dist-info\licenses\numpy\ma\LICENSE
   Compressing: C:\BLUE_AI\installer\..\dist\BLUE_AI\_internal\numpy-2.4.2.dist-info\licenses\numpy\random\LICENSE.md
   Compressing: C:\BLUE_AI\installer\..\dist\BLUE_AI\_internal\numpy-2.4.2.dist-info\licenses\numpy\random\src\distributions\LICENSE.md
   Compressing: C:\BLUE_AI\installer\..\dist\BLUE_AI\_internal\numpy-2.4.2.dist-info\licenses\numpy\random\src\mt19937\LICENSE.md
   Compressing: C:\BLUE_AI\installer\..\dist\BLUE_AI\_internal\numpy-2.4.2.dist-info\licenses\numpy\random\src\pcg64\LICENSE.md
   Compressing: C:\BLUE_AI\installer\..\dist\BLUE_AI\_internal\numpy-2.4.2.dist-info\licenses\numpy\random\src\philox\LICENSE.md
   Compressing: C:\BLUE_AI\installer\..\dist\BLUE_AI\_internal\numpy-2.4.2.dist-info\licenses\numpy\random\src\sfc64\LICENSE.md
   Compressing: C:\BLUE_AI\installer\..\dist\BLUE_AI\_internal\numpy-2.4.2.dist-info\licenses\numpy\random\src\splitmix64\LICENSE.md
   Compressing: C:\BLUE_AI\installer\..\dist\BLUE_AI\_internal\numpy-2.4.2.dist-info\licenses\numpy\_core\include\numpy\libdivide\LICENSE.txt
   Compressing: C:\BLUE_AI\installer\..\dist\BLUE_AI\_internal\numpy-2.4.2.dist-info\licenses\numpy\_core\src\common\pythoncapi-compat\COPYING
   Compressing: C:\BLUE_AI\installer\..\dist\BLUE_AI\_internal\numpy-2.4.2.dist-info\licenses\numpy\_core\src\highway\LICENSE
   Compressing: C:\BLUE_AI\installer\..\dist\BLUE_AI\_internal\numpy-2.4.2.dist-info\licenses\numpy\_core\src\multiarray\dragon4_LICENSE.txt
   Compressing: C:\BLUE_AI\installer\..\dist\BLUE_AI\_internal\numpy-2.4.2.dist-info\licenses\numpy\_core\src\npysort\x86-simd-sort\LICENSE.md
   Compressing: C:\BLUE_AI\installer\..\dist\BLUE_AI\_internal\numpy-2.4.2.dist-info\licenses\numpy\_core\src\umath\svml\LICENSE
   Compressing: C:\BLUE_AI\installer\..\dist\BLUE_AI\_internal\numpy.libs\libscipy_openblas64_-74a408729250596b0973e69fdd954eea.dll
   Compressing: C:\BLUE_AI\installer\..\dist\BLUE_AI\_internal\numpy.libs\msvcp140-a4c2229bdc2a2a630acdc095b4d86008.dll
   Compressing: C:\BLUE_AI\installer\..\dist\BLUE_AI\_internal\onnxruntime\capi\onnxruntime.dll
   Compressing: C:\BLUE_AI\installer\..\dist\BLUE_AI\_internal\onnxruntime\capi\onnxruntime_providers_shared.dll
   Compressing: C:\BLUE_AI\installer\..\dist\BLUE_AI\_internal\onnxruntime\capi\onnxruntime_pybind11_state.pyd
   Compressing: C:\BLUE_AI\installer\..\dist\BLUE_AI\_internal\PIL\_avif.cp312-win_amd64.pyd
   Compressing: C:\BLUE_AI\installer\..\dist\BLUE_AI\_internal\PIL\_imaging.cp312-win_amd64.pyd
   Compressing: C:\BLUE_AI\installer\..\dist\BLUE_AI\_internal\PIL\_imagingcms.cp312-win_amd64.pyd
   Compressing: C:\BLUE_AI\installer\..\dist\BLUE_AI\_internal\PIL\_imagingft.cp312-win_amd64.pyd
   Compressing: C:\BLUE_AI\installer\..\dist\BLUE_AI\_internal\PIL\_imagingmath.cp312-win_amd64.pyd
   Compressing: C:\BLUE_AI\installer\..\dist\BLUE_AI\_internal\PIL\_imagingtk.cp312-win_amd64.pyd
   Compressing: C:\BLUE_AI\installer\..\dist\BLUE_AI\_internal\PIL\_webp.cp312-win_amd64.pyd
   Compressing: C:\BLUE_AI\installer\..\dist\BLUE_AI\_internal\pptx\templates\default.pptx
   Compressing: C:\BLUE_AI\installer\..\dist\BLUE_AI\_internal\pptx\templates\docx-icon.emf
   Compressing: C:\BLUE_AI\installer\..\dist\BLUE_AI\_internal\pptx\templates\generic-icon.emf
   Compressing: C:\BLUE_AI\installer\..\dist\BLUE_AI\_internal\pptx\templates\notes.xml
   Compressing: C:\BLUE_AI\installer\..\dist\BLUE_AI\_internal\pptx\templates\notesMaster.xml
   Compressing: C:\BLUE_AI\installer\..\dist\BLUE_AI\_internal\pptx\templates\pptx-icon.emf
   Compressing: C:\BLUE_AI\installer\..\dist\BLUE_AI\_internal\pptx\templates\theme.xml
   Compressing: C:\BLUE_AI\installer\..\dist\BLUE_AI\_internal\pptx\templates\xlsx-icon.emf
   Compressing: C:\BLUE_AI\installer\..\dist\BLUE_AI\_internal\propcache\_helpers_c.cp312-win_amd64.pyd
   Compressing: C:\BLUE_AI\installer\..\dist\BLUE_AI\_internal\psutil\_psutil_windows.pyd
   Compressing: C:\BLUE_AI\installer\..\dist\BLUE_AI\_internal\pydantic-2.12.5.dist-info\INSTALLER
   Compressing: C:\BLUE_AI\installer\..\dist\BLUE_AI\_internal\pydantic-2.12.5.dist-info\METADATA
   Compressing: C:\BLUE_AI\installer\..\dist\BLUE_AI\_internal\pydantic-2.12.5.dist-info\RECORD
   Compressing: C:\BLUE_AI\installer\..\dist\BLUE_AI\_internal\pydantic-2.12.5.dist-info\WHEEL
   Compressing: C:\BLUE_AI\installer\..\dist\BLUE_AI\_internal\pydantic-2.12.5.dist-info\licenses\LICENSE
   Compressing: C:\BLUE_AI\installer\..\dist\BLUE_AI\_internal\pydantic_core\_pydantic_core.cp312-win_amd64.pyd
   Compressing: C:\BLUE_AI\installer\..\dist\BLUE_AI\_internal\pythonnet\runtime\Python.Runtime.dll
   Compressing: C:\BLUE_AI\installer\..\dist\BLUE_AI\_internal\Pythonwin\mfc140u.dll
   Compressing: C:\BLUE_AI\installer\..\dist\BLUE_AI\_internal\Pythonwin\win32ui.pyd
   Compressing: C:\BLUE_AI\installer\..\dist\BLUE_AI\_internal\pywin32_system32\pythoncom312.dll
   Compressing: C:\BLUE_AI\installer\..\dist\BLUE_AI\_internal\pywin32_system32\pywintypes312.dll
   Compressing: C:\BLUE_AI\installer\..\dist\BLUE_AI\_internal\scipy\_cyutility.cp312-win_amd64.pyd
   Compressing: C:\BLUE_AI\installer\..\dist\BLUE_AI\_internal\scipy\cluster\_hierarchy.cp312-win_amd64.pyd
   Compressing: C:\BLUE_AI\installer\..\dist\BLUE_AI\_internal\scipy\cluster\_optimal_leaf_ordering.cp312-win_amd64.pyd
   Compressing: C:\BLUE_AI\installer\..\dist\BLUE_AI\_internal\scipy\cluster\_vq.cp312-win_amd64.pyd
   Compressing: C:\BLUE_AI\installer\..\dist\BLUE_AI\_internal\scipy\fft\_pocketfft\pypocketfft.cp312-win_amd64.pyd
   Compressing: C:\BLUE_AI\installer\..\dist\BLUE_AI\_internal\scipy\integrate\_dop.cp312-win_amd64.pyd
   Compressing: C:\BLUE_AI\installer\..\dist\BLUE_AI\_internal\scipy\integrate\_odepack.cp312-win_amd64.pyd
   Compressing: C:\BLUE_AI\installer\..\dist\BLUE_AI\_internal\scipy\integrate\_quadpack.cp312-win_amd64.pyd
   Compressing: C:\BLUE_AI\installer\..\dist\BLUE_AI\_internal\scipy\integrate\_vode.cp312-win_amd64.pyd
   Compressing: C:\BLUE_AI\installer\..\dist\BLUE_AI\_internal\scipy\interpolate\_dfitpack.cp312-win_amd64.pyd
   Compressing: C:\BLUE_AI\installer\..\dist\BLUE_AI\_internal\scipy\interpolate\_dierckx.cp312-win_amd64.pyd
   Compressing: C:\BLUE_AI\installer\..\dist\BLUE_AI\_internal\scipy\interpolate\_fitpack.cp312-win_amd64.pyd
   Compressing: C:\BLUE_AI\installer\..\dist\BLUE_AI\_internal\scipy\interpolate\_interpnd.cp312-win_amd64.pyd
   Compressing: C:\BLUE_AI\installer\..\dist\BLUE_AI\_internal\scipy\interpolate\_ppoly.cp312-win_amd64.pyd
   Compressing: C:\BLUE_AI\installer\..\dist\BLUE_AI\_internal\scipy\interpolate\_rbfinterp_pythran.cp312-win_amd64.pyd
   Compressing: C:\BLUE_AI\installer\..\dist\BLUE_AI\_internal\scipy\interpolate\_rgi_cython.cp312-win_amd64.pyd
   Compressing: C:\BLUE_AI\installer\..\dist\BLUE_AI\_internal\scipy\linalg\cython_blas.cp312-win_amd64.pyd
   Compressing: C:\BLUE_AI\installer\..\dist\BLUE_AI\_internal\scipy\linalg\cython_lapack.cp312-win_amd64.pyd
   Compressing: C:\BLUE_AI\installer\..\dist\BLUE_AI\_internal\scipy\linalg\_batched_linalg.cp312-win_amd64.pyd
   Compressing: C:\BLUE_AI\installer\..\dist\BLUE_AI\_internal\scipy\linalg\_cythonized_array_utils.cp312-win_amd64.pyd
   Compressing: C:\BLUE_AI\installer\..\dist\BLUE_AI\_internal\scipy\linalg\_decomp_interpolative.cp312-win_amd64.pyd
   Compressing: C:\BLUE_AI\installer\..\dist\BLUE_AI\_internal\scipy\linalg\_decomp_lu_cython.cp312-win_amd64.pyd
   Compressing: C:\BLUE_AI\installer\..\dist\BLUE_AI\_internal\scipy\linalg\_decomp_update.cp312-win_amd64.pyd
   Compressing: C:\BLUE_AI\installer\..\dist\BLUE_AI\_internal\scipy\linalg\_fblas.cp312-win_amd64.pyd
   Compressing: C:\BLUE_AI\installer\..\dist\BLUE_AI\_internal\scipy\linalg\_flapack.cp312-win_amd64.pyd
   Compressing: C:\BLUE_AI\installer\..\dist\BLUE_AI\_internal\scipy\linalg\_linalg_pythran.cp312-win_amd64.pyd
   Compressing: C:\BLUE_AI\installer\..\dist\BLUE_AI\_internal\scipy\linalg\_matfuncs_expm.cp312-win_amd64.pyd
   Compressing: C:\BLUE_AI\installer\..\dist\BLUE_AI\_internal\scipy\linalg\_matfuncs_schur_sqrtm.cp312-win_amd64.pyd
   Compressing: C:\BLUE_AI\installer\..\dist\BLUE_AI\_internal\scipy\linalg\_matfuncs_sqrtm_triu.cp312-win_amd64.pyd
   Compressing: C:\BLUE_AI\installer\..\dist\BLUE_AI\_internal\scipy\linalg\_solve_toeplitz.cp312-win_amd64.pyd
   Compressing: C:\BLUE_AI\installer\..\dist\BLUE_AI\_internal\scipy\ndimage\_nd_image.cp312-win_amd64.pyd
   Compressing: C:\BLUE_AI\installer\..\dist\BLUE_AI\_internal\scipy\ndimage\_ni_label.cp312-win_amd64.pyd
   Compressing: C:\BLUE_AI\installer\..\dist\BLUE_AI\_internal\scipy\ndimage\_rank_filter_1d.cp312-win_amd64.pyd
   Compressing: C:\BLUE_AI\installer\..\dist\BLUE_AI\_internal\scipy\optimize\_bglu_dense.cp312-win_amd64.pyd
   Compressing: C:\BLUE_AI\installer\..\dist\BLUE_AI\_internal\scipy\optimize\_direct.cp312-win_amd64.pyd
   Compressing: C:\BLUE_AI\installer\..\dist\BLUE_AI\_internal\scipy\optimize\_group_columns.cp312-win_amd64.pyd
   Compressing: C:\BLUE_AI\installer\..\dist\BLUE_AI\_internal\scipy\optimize\_lbfgsb.cp312-win_amd64.pyd
   Compressing: C:\BLUE_AI\installer\..\dist\BLUE_AI\_internal\scipy\optimize\_lsap.cp312-win_amd64.pyd
   Compressing: C:\BLUE_AI\installer\..\dist\BLUE_AI\_internal\scipy\optimize\_minpack.cp312-win_amd64.pyd
   Compressing: C:\BLUE_AI\installer\..\dist\BLUE_AI\_internal\scipy\optimize\_moduleTNC.cp312-win_amd64.pyd
   Compressing: C:\BLUE_AI\installer\..\dist\BLUE_AI\_internal\scipy\optimize\_pava_pybind.cp312-win_amd64.pyd
   Compressing: C:\BLUE_AI\installer\..\dist\BLUE_AI\_internal\scipy\optimize\_slsqplib.cp312-win_amd64.pyd
   Compressing: C:\BLUE_AI\installer\..\dist\BLUE_AI\_internal\scipy\optimize\_zeros.cp312-win_amd64.pyd
   Compressing: C:\BLUE_AI\installer\..\dist\BLUE_AI\_internal\scipy\optimize\_highspy\_core.cp312-win_amd64.pyd
   Compressing: C:\BLUE_AI\installer\..\dist\BLUE_AI\_internal\scipy\optimize\_highspy\_highs_options.cp312-win_amd64.pyd
   Compressing: C:\BLUE_AI\installer\..\dist\BLUE_AI\_internal\scipy\optimize\_lsq\givens_elimination.cp312-win_amd64.pyd
   Compressing: C:\BLUE_AI\installer\..\dist\BLUE_AI\_internal\scipy\optimize\_trlib\_trlib.cp312-win_amd64.pyd
   Compressing: C:\BLUE_AI\installer\..\dist\BLUE_AI\_internal\scipy\sparse\_csparsetools.cp312-win_amd64.pyd
   Compressing: C:\BLUE_AI\installer\..\dist\BLUE_AI\_internal\scipy\sparse\_sparsetools.cp312-win_amd64.pyd
   Compressing: C:\BLUE_AI\installer\..\dist\BLUE_AI\_internal\scipy\sparse\csgraph\_flow.cp312-win_amd64.pyd
   Compressing: C:\BLUE_AI\installer\..\dist\BLUE_AI\_internal\scipy\sparse\csgraph\_matching.cp312-win_amd64.pyd
   Compressing: C:\BLUE_AI\installer\..\dist\BLUE_AI\_internal\scipy\sparse\csgraph\_min_spanning_tree.cp312-win_amd64.pyd
   Compressing: C:\BLUE_AI\installer\..\dist\BLUE_AI\_internal\scipy\sparse\csgraph\_reordering.cp312-win_amd64.pyd
   Compressing: C:\BLUE_AI\installer\..\dist\BLUE_AI\_internal\scipy\sparse\csgraph\_shortest_path.cp312-win_amd64.pyd
   Compressing: C:\BLUE_AI\installer\..\dist\BLUE_AI\_internal\scipy\sparse\csgraph\_tools.cp312-win_amd64.pyd
   Compressing: C:\BLUE_AI\installer\..\dist\BLUE_AI\_internal\scipy\sparse\csgraph\_traversal.cp312-win_amd64.pyd
   Compressing: C:\BLUE_AI\installer\..\dist\BLUE_AI\_internal\scipy\sparse\linalg\_propack.cp312-win_amd64.pyd
   Compressing: C:\BLUE_AI\installer\..\dist\BLUE_AI\_internal\scipy\sparse\linalg\_dsolve\_superlu.cp312-win_amd64.pyd
   Compressing: C:\BLUE_AI\installer\..\dist\BLUE_AI\_internal\scipy\sparse\linalg\_eigen\arpack\_arpacklib.cp312-win_amd64.pyd
   Compressing: C:\BLUE_AI\installer\..\dist\BLUE_AI\_internal\scipy\spatial\_ckdtree.cp312-win_amd64.pyd
   Compressing: C:\BLUE_AI\installer\..\dist\BLUE_AI\_internal\scipy\spatial\_distance_pybind.cp312-win_amd64.pyd
   Compressing: C:\BLUE_AI\installer\..\dist\BLUE_AI\_internal\scipy\spatial\_distance_wrap.cp312-win_amd64.pyd
   Compressing: C:\BLUE_AI\installer\..\dist\BLUE_AI\_internal\scipy\spatial\_hausdorff.cp312-win_amd64.pyd
   Compressing: C:\BLUE_AI\installer\..\dist\BLUE_AI\_internal\scipy\spatial\_qhull.cp312-win_amd64.pyd
   Compressing: C:\BLUE_AI\installer\..\dist\BLUE_AI\_internal\scipy\spatial\_voronoi.cp312-win_amd64.pyd
   Compressing: C:\BLUE_AI\installer\..\dist\BLUE_AI\_internal\scipy\spatial\transform\_rigid_transform_cy.cp312-win_amd64.pyd
   Compressing: C:\BLUE_AI\installer\..\dist\BLUE_AI\_internal\scipy\spatial\transform\_rotation_cy.cp312-win_amd64.pyd
   Compressing: C:\BLUE_AI\installer\..\dist\BLUE_AI\_internal\scipy\special\cython_special.cp312-win_amd64.pyd
   Compressing: C:\BLUE_AI\installer\..\dist\BLUE_AI\_internal\scipy\special\_comb.cp312-win_amd64.pyd
   Compressing: C:\BLUE_AI\installer\..\dist\BLUE_AI\_internal\scipy\special\_ellip_harm_2.cp312-win_amd64.pyd
   Compressing: C:\BLUE_AI\installer\..\dist\BLUE_AI\_internal\scipy\special\_gufuncs.cp312-win_amd64.pyd
   Compressing: C:\BLUE_AI\installer\..\dist\BLUE_AI\_internal\scipy\special\_specfun.cp312-win_amd64.pyd
   Compressing: C:\BLUE_AI\installer\..\dist\BLUE_AI\_internal\scipy\special\_special_ufuncs.cp312-win_amd64.pyd
   Compressing: C:\BLUE_AI\installer\..\dist\BLUE_AI\_internal\scipy\special\_ufuncs.cp312-win_amd64.pyd
   Compressing: C:\BLUE_AI\installer\..\dist\BLUE_AI\_internal\scipy\special\_ufuncs_cxx.cp312-win_amd64.pyd
   Compressing: C:\BLUE_AI\installer\..\dist\BLUE_AI\_internal\scipy\stats\_ansari_swilk_statistics.cp312-win_amd64.pyd
   Compressing: C:\BLUE_AI\installer\..\dist\BLUE_AI\_internal\scipy\stats\_biasedurn.cp312-win_amd64.pyd
   Compressing: C:\BLUE_AI\installer\..\dist\BLUE_AI\_internal\scipy\stats\_qmc_cy.cp312-win_amd64.pyd
   Compressing: C:\BLUE_AI\installer\..\dist\BLUE_AI\_internal\scipy\stats\_qmvnt_cy.cp312-win_amd64.pyd
   Compressing: C:\BLUE_AI\installer\..\dist\BLUE_AI\_internal\scipy\stats\_sobol.cp312-win_amd64.pyd
   Compressing: C:\BLUE_AI\installer\..\dist\BLUE_AI\_internal\scipy\stats\_stats.cp312-win_amd64.pyd
   Compressing: C:\BLUE_AI\installer\..\dist\BLUE_AI\_internal\scipy\stats\_stats_pythran.cp312-win_amd64.pyd
   Compressing: C:\BLUE_AI\installer\..\dist\BLUE_AI\_internal\scipy\stats\_levy_stable\levyst.cp312-win_amd64.pyd
   Compressing: C:\BLUE_AI\installer\..\dist\BLUE_AI\_internal\scipy\stats\_rcont\rcont.cp312-win_amd64.pyd
   Compressing: C:\BLUE_AI\installer\..\dist\BLUE_AI\_internal\scipy\_lib\messagestream.cp312-win_amd64.pyd
   Compressing: C:\BLUE_AI\installer\..\dist\BLUE_AI\_internal\scipy\_lib\_ccallback_c.cp312-win_amd64.pyd
   Compressing: C:\BLUE_AI\installer\..\dist\BLUE_AI\_internal\scipy\_lib\_fpumode.cp312-win_amd64.pyd
   Compressing: C:\BLUE_AI\installer\..\dist\BLUE_AI\_internal\scipy\_lib\_uarray\_uarray.cp312-win_amd64.pyd
   Compressing: C:\BLUE_AI\installer\..\dist\BLUE_AI\_internal\scipy.libs\libscipy_openblas-64eda39e79589aedb16f58e5547eb599.dll
   Compressing: C:\BLUE_AI\installer\..\dist\BLUE_AI\_internal\setuptools\_vendor\importlib_metadata-8.7.1.dist-info\INSTALLER
   Compressing: C:\BLUE_AI\installer\..\dist\BLUE_AI\_internal\setuptools\_vendor\importlib_metadata-8.7.1.dist-info\METADATA
   Compressing: C:\BLUE_AI\installer\..\dist\BLUE_AI\_internal\setuptools\_vendor\importlib_metadata-8.7.1.dist-info\RECORD
   Compressing: C:\BLUE_AI\installer\..\dist\BLUE_AI\_internal\setuptools\_vendor\importlib_metadata-8.7.1.dist-info\REQUESTED
   Compressing: C:\BLUE_AI\installer\..\dist\BLUE_AI\_internal\setuptools\_vendor\importlib_metadata-8.7.1.dist-info\top_level.txt
   Compressing: C:\BLUE_AI\installer\..\dist\BLUE_AI\_internal\setuptools\_vendor\importlib_metadata-8.7.1.dist-info\WHEEL
   Compressing: C:\BLUE_AI\installer\..\dist\BLUE_AI\_internal\setuptools\_vendor\importlib_metadata-8.7.1.dist-info\licenses\LICENSE
   Compressing: C:\BLUE_AI\installer\..\dist\BLUE_AI\_internal\setuptools\_vendor\jaraco\text\Lorem ipsum.txt
   Compressing: C:\BLUE_AI\installer\..\dist\BLUE_AI\_internal\sklearn\meson.build
   Compressing: C:\BLUE_AI\installer\..\dist\BLUE_AI\_internal\sklearn\_cyutility.cp312-win_amd64.lib
   Compressing: C:\BLUE_AI\installer\..\dist\BLUE_AI\_internal\sklearn\_cyutility.cp312-win_amd64.pyd
   Compressing: C:\BLUE_AI\installer\..\dist\BLUE_AI\_internal\sklearn\_isotonic.cp312-win_amd64.lib
   Compressing: C:\BLUE_AI\installer\..\dist\BLUE_AI\_internal\sklearn\_isotonic.cp312-win_amd64.pyd
   Compressing: C:\BLUE_AI\installer\..\dist\BLUE_AI\_internal\sklearn\_isotonic.pyx
   Compressing: C:\BLUE_AI\installer\..\dist\BLUE_AI\_internal\sklearn\.libs\msvcp140.dll
   Compressing: C:\BLUE_AI\installer\..\dist\BLUE_AI\_internal\sklearn\.libs\vcomp140.dll
   Compressing: C:\BLUE_AI\installer\..\dist\BLUE_AI\_internal\sklearn\cluster\meson.build
   Compressing: C:\BLUE_AI\installer\..\dist\BLUE_AI\_internal\sklearn\cluster\_dbscan_inner.cp312-win_amd64.lib
   Compressing: C:\BLUE_AI\installer\..\dist\BLUE_AI\_internal\sklearn\cluster\_dbscan_inner.cp312-win_amd64.pyd
   Compressing: C:\BLUE_AI\installer\..\dist\BLUE_AI\_internal\sklearn\cluster\_dbscan_inner.pyx
   Compressing: C:\BLUE_AI\installer\..\dist\BLUE_AI\_internal\sklearn\cluster\_hierarchical_fast.cp312-win_amd64.lib
   Compressing: C:\BLUE_AI\installer\..\dist\BLUE_AI\_internal\sklearn\cluster\_hierarchical_fast.cp312-win_amd64.pyd
   Compressing: C:\BLUE_AI\installer\..\dist\BLUE_AI\_internal\sklearn\cluster\_hierarchical_fast.pxd
   Compressing: C:\BLUE_AI\installer\..\dist\BLUE_AI\_internal\sklearn\cluster\_hierarchical_fast.pyx
   Compressing: C:\BLUE_AI\installer\..\dist\BLUE_AI\_internal\sklearn\cluster\_k_means_common.cp312-win_amd64.lib
   Compressing: C:\BLUE_AI\installer\..\dist\BLUE_AI\_internal\sklearn\cluster\_k_means_common.cp312-win_amd64.pyd
   Compressing: C:\BLUE_AI\installer\..\dist\BLUE_AI\_internal\sklearn\cluster\_k_means_common.pxd
   Compressing: C:\BLUE_AI\installer\..\dist\BLUE_AI\_internal\sklearn\cluster\_k_means_common.pyx
   Compressing: C:\BLUE_AI\installer\..\dist\BLUE_AI\_internal\sklearn\cluster\_k_means_elkan.cp312-win_amd64.lib
   Compressing: C:\BLUE_AI\installer\..\dist\BLUE_AI\_internal\sklearn\cluster\_k_means_elkan.cp312-win_amd64.pyd
   Compressing: C:\BLUE_AI\installer\..\dist\BLUE_AI\_internal\sklearn\cluster\_k_means_elkan.pyx
   Compressing: C:\BLUE_AI\installer\..\dist\BLUE_AI\_internal\sklearn\cluster\_k_means_lloyd.cp312-win_amd64.lib
   Compressing: C:\BLUE_AI\installer\..\dist\BLUE_AI\_internal\sklearn\cluster\_k_means_lloyd.cp312-win_amd64.pyd
   Compressing: C:\BLUE_AI\installer\..\dist\BLUE_AI\_internal\sklearn\cluster\_k_means_lloyd.pyx
   Compressing: C:\BLUE_AI\installer\..\dist\BLUE_AI\_internal\sklearn\cluster\_k_means_minibatch.cp312-win_amd64.lib
   Compressing: C:\BLUE_AI\installer\..\dist\BLUE_AI\_internal\sklearn\cluster\_k_means_minibatch.cp312-win_amd64.pyd
   Compressing: C:\BLUE_AI\installer\..\dist\BLUE_AI\_internal\sklearn\cluster\_k_means_minibatch.pyx
   Compressing: C:\BLUE_AI\installer\..\dist\BLUE_AI\_internal\sklearn\cluster\_hdbscan\meson.build
   Compressing: C:\BLUE_AI\installer\..\dist\BLUE_AI\_internal\sklearn\cluster\_hdbscan\_linkage.cp312-win_amd64.lib
   Compressing: C:\BLUE_AI\installer\..\dist\BLUE_AI\_internal\sklearn\cluster\_hdbscan\_linkage.cp312-win_amd64.pyd
   Compressing: C:\BLUE_AI\installer\..\dist\BLUE_AI\_internal\sklearn\cluster\_hdbscan\_linkage.pyx
   Compressing: C:\BLUE_AI\installer\..\dist\BLUE_AI\_internal\sklearn\cluster\_hdbscan\_reachability.cp312-win_amd64.lib
   Compressing: C:\BLUE_AI\installer\..\dist\BLUE_AI\_internal\sklearn\cluster\_hdbscan\_reachability.cp312-win_amd64.pyd
   Compressing: C:\BLUE_AI\installer\..\dist\BLUE_AI\_internal\sklearn\cluster\_hdbscan\_reachability.pyx
   Compressing: C:\BLUE_AI\installer\..\dist\BLUE_AI\_internal\sklearn\cluster\_hdbscan\_tree.cp312-win_amd64.lib
   Compressing: C:\BLUE_AI\installer\..\dist\BLUE_AI\_internal\sklearn\cluster\_hdbscan\_tree.cp312-win_amd64.pyd
   Compressing: C:\BLUE_AI\installer\..\dist\BLUE_AI\_internal\sklearn\cluster\_hdbscan\_tree.pxd
   Compressing: C:\BLUE_AI\installer\..\dist\BLUE_AI\_internal\sklearn\cluster\_hdbscan\_tree.pyx
   Compressing: C:\BLUE_AI\installer\..\dist\BLUE_AI\_internal\sklearn\datasets\meson.build
   Compressing: C:\BLUE_AI\installer\..\dist\BLUE_AI\_internal\sklearn\datasets\_svmlight_format_fast.cp312-win_amd64.lib
   Compressing: C:\BLUE_AI\installer\..\dist\BLUE_AI\_internal\sklearn\datasets\_svmlight_format_fast.pyx
   Compressing: C:\BLUE_AI\installer\..\dist\BLUE_AI\_internal\sklearn\datasets\data\breast_cancer.csv
   Compressing: C:\BLUE_AI\installer\..\dist\BLUE_AI\_internal\sklearn\datasets\data\diabetes_data_raw.csv.gz
   Compressing: C:\BLUE_AI\installer\..\dist\BLUE_AI\_internal\sklearn\datasets\data\diabetes_target.csv.gz
   Compressing: C:\BLUE_AI\installer\..\dist\BLUE_AI\_internal\sklearn\datasets\data\digits.csv.gz
   Compressing: C:\BLUE_AI\installer\..\dist\BLUE_AI\_internal\sklearn\datasets\data\iris.csv
   Compressing: C:\BLUE_AI\installer\..\dist\BLUE_AI\_internal\sklearn\datasets\data\linnerud_exercise.csv
   Compressing: C:\BLUE_AI\installer\..\dist\BLUE_AI\_internal\sklearn\datasets\data\linnerud_physiological.csv
   Compressing: C:\BLUE_AI\installer\..\dist\BLUE_AI\_internal\sklearn\datasets\data\wine_data.csv
   Compressing: C:\BLUE_AI\installer\..\dist\BLUE_AI\_internal\sklearn\datasets\descr\breast_cancer.rst
   Compressing: C:\BLUE_AI\installer\..\dist\BLUE_AI\_internal\sklearn\datasets\descr\california_housing.rst
   Compressing: C:\BLUE_AI\installer\..\dist\BLUE_AI\_internal\sklearn\datasets\descr\covtype.rst
   Compressing: C:\BLUE_AI\installer\..\dist\BLUE_AI\_internal\sklearn\datasets\descr\diabetes.rst
   Compressing: C:\BLUE_AI\installer\..\dist\BLUE_AI\_internal\sklearn\datasets\descr\digits.rst
   Compressing: C:\BLUE_AI\installer\..\dist\BLUE_AI\_internal\sklearn\datasets\descr\iris.rst
   Compressing: C:\BLUE_AI\installer\..\dist\BLUE_AI\_internal\sklearn\datasets\descr\kddcup99.rst
   Compressing: C:\BLUE_AI\installer\..\dist\BLUE_AI\_internal\sklearn\datasets\descr\lfw.rst
   Compressing: C:\BLUE_AI\installer\..\dist\BLUE_AI\_internal\sklearn\datasets\descr\linnerud.rst
   Compressing: C:\BLUE_AI\installer\..\dist\BLUE_AI\_internal\sklearn\datasets\descr\olivetti_faces.rst
   Compressing: C:\BLUE_AI\installer\..\dist\BLUE_AI\_internal\sklearn\datasets\descr\rcv1.rst
   Compressing: C:\BLUE_AI\installer\..\dist\BLUE_AI\_internal\sklearn\datasets\descr\species_distributions.rst
   Compressing: C:\BLUE_AI\installer\..\dist\BLUE_AI\_internal\sklearn\datasets\descr\twenty_newsgroups.rst
   Compressing: C:\BLUE_AI\installer\..\dist\BLUE_AI\_internal\sklearn\datasets\descr\wine_data.rst
   Compressing: C:\BLUE_AI\installer\..\dist\BLUE_AI\_internal\sklearn\datasets\images\china.jpg
   Compressing: C:\BLUE_AI\installer\..\dist\BLUE_AI\_internal\sklearn\datasets\images\flower.jpg
   Compressing: C:\BLUE_AI\installer\..\dist\BLUE_AI\_internal\sklearn\datasets\images\README.txt
   Compressing: C:\BLUE_AI\installer\..\dist\BLUE_AI\_internal\sklearn\datasets\tests\data\svmlight_classification.txt
   Compressing: C:\BLUE_AI\installer\..\dist\BLUE_AI\_internal\sklearn\datasets\tests\data\svmlight_invalid.txt
   Compressing: C:\BLUE_AI\installer\..\dist\BLUE_AI\_internal\sklearn\datasets\tests\data\svmlight_invalid_order.txt
   Compressing: C:\BLUE_AI\installer\..\dist\BLUE_AI\_internal\sklearn\datasets\tests\data\svmlight_multilabel.txt
   Compressing: C:\BLUE_AI\installer\..\dist\BLUE_AI\_internal\sklearn\datasets\tests\data\openml\id_1\api-v1-jd-1.json.gz
   Compressing: C:\BLUE_AI\installer\..\dist\BLUE_AI\_internal\sklearn\datasets\tests\data\openml\id_1\api-v1-jdf-1.json.gz
   Compressing: C:\BLUE_AI\installer\..\dist\BLUE_AI\_internal\sklearn\datasets\tests\data\openml\id_1\api-v1-jdq-1.json.gz
   Compressing: C:\BLUE_AI\installer\..\dist\BLUE_AI\_internal\sklearn\datasets\tests\data\openml\id_1\data-v1-dl-1.arff.gz
   Compressing: C:\BLUE_AI\installer\..\dist\BLUE_AI\_internal\sklearn\datasets\tests\data\openml\id_1119\api-v1-jd-1119.json.gz
   Compressing: C:\BLUE_AI\installer\..\dist\BLUE_AI\_internal\sklearn\datasets\tests\data\openml\id_1119\api-v1-jdf-1119.json.gz
   Compressing: C:\BLUE_AI\installer\..\dist\BLUE_AI\_internal\sklearn\datasets\tests\data\openml\id_1119\api-v1-jdl-dn-adult-census-l-2-dv-1.json.gz
   Compressing: C:\BLUE_AI\installer\..\dist\BLUE_AI\_internal\sklearn\datasets\tests\data\openml\id_1119\api-v1-jdl-dn-adult-census-l-2-s-act-.json.gz
   Compressing: C:\BLUE_AI\installer\..\dist\BLUE_AI\_internal\sklearn\datasets\tests\data\openml\id_1119\api-v1-jdq-1119.json.gz
   Compressing: C:\BLUE_AI\installer\..\dist\BLUE_AI\_internal\sklearn\datasets\tests\data\openml\id_1119\data-v1-dl-54002.arff.gz
   Compressing: C:\BLUE_AI\installer\..\dist\BLUE_AI\_internal\sklearn\datasets\tests\data\openml\id_1590\api-v1-jd-1590.json.gz
   Compressing: C:\BLUE_AI\installer\..\dist\BLUE_AI\_internal\sklearn\datasets\tests\data\openml\id_1590\api-v1-jdf-1590.json.gz
   Compressing: C:\BLUE_AI\installer\..\dist\BLUE_AI\_internal\sklearn\datasets\tests\data\openml\id_1590\api-v1-jdq-1590.json.gz
   Compressing: C:\BLUE_AI\installer\..\dist\BLUE_AI\_internal\sklearn\datasets\tests\data\openml\id_1590\data-v1-dl-1595261.arff.gz
   Compressing: C:\BLUE_AI\installer\..\dist\BLUE_AI\_internal\sklearn\datasets\tests\data\openml\id_2\api-v1-jd-2.json.gz
   Compressing: C:\BLUE_AI\installer\..\dist\BLUE_AI\_internal\sklearn\datasets\tests\data\openml\id_2\api-v1-jdf-2.json.gz
   Compressing: C:\BLUE_AI\installer\..\dist\BLUE_AI\_internal\sklearn\datasets\tests\data\openml\id_2\api-v1-jdl-dn-anneal-l-2-dv-1.json.gz
   Compressing: C:\BLUE_AI\installer\..\dist\BLUE_AI\_internal\sklearn\datasets\tests\data\openml\id_2\api-v1-jdl-dn-anneal-l-2-s-act-.json.gz
   Compressing: C:\BLUE_AI\installer\..\dist\BLUE_AI\_internal\sklearn\datasets\tests\data\openml\id_2\api-v1-jdq-2.json.gz
   Compressing: C:\BLUE_AI\installer\..\dist\BLUE_AI\_internal\sklearn\datasets\tests\data\openml\id_2\data-v1-dl-1666876.arff.gz
   Compressing: C:\BLUE_AI\installer\..\dist\BLUE_AI\_internal\sklearn\datasets\tests\data\openml\id_292\api-v1-jd-292.json.gz
   Compressing: C:\BLUE_AI\installer\..\dist\BLUE_AI\_internal\sklearn\datasets\tests\data\openml\id_292\api-v1-jd-40981.json.gz
   Compressing: C:\BLUE_AI\installer\..\dist\BLUE_AI\_internal\sklearn\datasets\tests\data\openml\id_292\api-v1-jdf-292.json.gz
   Compressing: C:\BLUE_AI\installer\..\dist\BLUE_AI\_internal\sklearn\datasets\tests\data\openml\id_292\api-v1-jdf-40981.json.gz
   Compressing: C:\BLUE_AI\installer\..\dist\BLUE_AI\_internal\sklearn\datasets\tests\data\openml\id_292\api-v1-jdl-dn-australian-l-2-dv-1-s-dact.json.gz
   Compressing: C:\BLUE_AI\installer\..\dist\BLUE_AI\_internal\sklearn\datasets\tests\data\openml\id_292\api-v1-jdl-dn-australian-l-2-dv-1.json.gz
   Compressing: C:\BLUE_AI\installer\..\dist\BLUE_AI\_internal\sklearn\datasets\tests\data\openml\id_292\api-v1-jdl-dn-australian-l-2-s-act-.json.gz
   Compressing: C:\BLUE_AI\installer\..\dist\BLUE_AI\_internal\sklearn\datasets\tests\data\openml\id_292\data-v1-dl-49822.arff.gz
   Compressing: C:\BLUE_AI\installer\..\dist\BLUE_AI\_internal\sklearn\datasets\tests\data\openml\id_3\api-v1-jd-3.json.gz
   Compressing: C:\BLUE_AI\installer\..\dist\BLUE_AI\_internal\sklearn\datasets\tests\data\openml\id_3\api-v1-jdf-3.json.gz
   Compressing: C:\BLUE_AI\installer\..\dist\BLUE_AI\_internal\sklearn\datasets\tests\data\openml\id_3\api-v1-jdq-3.json.gz
   Compressing: C:\BLUE_AI\installer\..\dist\BLUE_AI\_internal\sklearn\datasets\tests\data\openml\id_3\data-v1-dl-3.arff.gz
   Compressing: C:\BLUE_AI\installer\..\dist\BLUE_AI\_internal\sklearn\datasets\tests\data\openml\id_40589\api-v1-jd-40589.json.gz
   Compressing: C:\BLUE_AI\installer\..\dist\BLUE_AI\_internal\sklearn\datasets\tests\data\openml\id_40589\api-v1-jdf-40589.json.gz
   Compressing: C:\BLUE_AI\installer\..\dist\BLUE_AI\_internal\sklearn\datasets\tests\data\openml\id_40589\api-v1-jdl-dn-emotions-l-2-dv-3.json.gz
   Compressing: C:\BLUE_AI\installer\..\dist\BLUE_AI\_internal\sklearn\datasets\tests\data\openml\id_40589\api-v1-jdl-dn-emotions-l-2-s-act-.json.gz
   Compressing: C:\BLUE_AI\installer\..\dist\BLUE_AI\_internal\sklearn\datasets\tests\data\openml\id_40589\api-v1-jdq-40589.json.gz
   Compressing: C:\BLUE_AI\installer\..\dist\BLUE_AI\_internal\sklearn\datasets\tests\data\openml\id_40589\data-v1-dl-4644182.arff.gz
   Compressing: C:\BLUE_AI\installer\..\dist\BLUE_AI\_internal\sklearn\datasets\tests\data\openml\id_40675\api-v1-jd-40675.json.gz
   Compressing: C:\BLUE_AI\installer\..\dist\BLUE_AI\_internal\sklearn\datasets\tests\data\openml\id_40675\api-v1-jdf-40675.json.gz
   Compressing: C:\BLUE_AI\installer\..\dist\BLUE_AI\_internal\sklearn\datasets\tests\data\openml\id_40675\api-v1-jdl-dn-glass2-l-2-dv-1-s-dact.json.gz
   Compressing: C:\BLUE_AI\installer\..\dist\BLUE_AI\_internal\sklearn\datasets\tests\data\openml\id_40675\api-v1-jdl-dn-glass2-l-2-dv-1.json.gz
   Compressing: C:\BLUE_AI\installer\..\dist\BLUE_AI\_internal\sklearn\datasets\tests\data\openml\id_40675\api-v1-jdl-dn-glass2-l-2-s-act-.json.gz
   Compressing: C:\BLUE_AI\installer\..\dist\BLUE_AI\_internal\sklearn\datasets\tests\data\openml\id_40675\api-v1-jdq-40675.json.gz
   Compressing: C:\BLUE_AI\installer\..\dist\BLUE_AI\_internal\sklearn\datasets\tests\data\openml\id_40675\data-v1-dl-4965250.arff.gz
   Compressing: C:\BLUE_AI\installer\..\dist\BLUE_AI\_internal\sklearn\datasets\tests\data\openml\id_40945\api-v1-jd-40945.json.gz
   Compressing: C:\BLUE_AI\installer\..\dist\BLUE_AI\_internal\sklearn\datasets\tests\data\openml\id_40945\api-v1-jdf-40945.json.gz
   Compressing: C:\BLUE_AI\installer\..\dist\BLUE_AI\_internal\sklearn\datasets\tests\data\openml\id_40945\api-v1-jdq-40945.json.gz
   Compressing: C:\BLUE_AI\installer\..\dist\BLUE_AI\_internal\sklearn\datasets\tests\data\openml\id_40945\data-v1-dl-16826755.arff.gz
   Compressing: C:\BLUE_AI\installer\..\dist\BLUE_AI\_internal\sklearn\datasets\tests\data\openml\id_40966\api-v1-jd-40966.json.gz
   Compressing: C:\BLUE_AI\installer\..\dist\BLUE_AI\_internal\sklearn\datasets\tests\data\openml\id_40966\api-v1-jdf-40966.json.gz
   Compressing: C:\BLUE_AI\installer\..\dist\BLUE_AI\_internal\sklearn\datasets\tests\data\openml\id_40966\api-v1-jdl-dn-miceprotein-l-2-dv-4.json.gz
   Compressing: C:\BLUE_AI\installer\..\dist\BLUE_AI\_internal\sklearn\datasets\tests\data\openml\id_40966\api-v1-jdl-dn-miceprotein-l-2-s-act-.json.gz
   Compressing: C:\BLUE_AI\installer\..\dist\BLUE_AI\_internal\sklearn\datasets\tests\data\openml\id_40966\api-v1-jdq-40966.json.gz
   Compressing: C:\BLUE_AI\installer\..\dist\BLUE_AI\_internal\sklearn\datasets\tests\data\openml\id_40966\data-v1-dl-17928620.arff.gz
   Compressing: C:\BLUE_AI\installer\..\dist\BLUE_AI\_internal\sklearn\datasets\tests\data\openml\id_42074\api-v1-jd-42074.json.gz
   Compressing: C:\BLUE_AI\installer\..\dist\BLUE_AI\_internal\sklearn\datasets\tests\data\openml\id_42074\api-v1-jdf-42074.json.gz
   Compressing: C:\BLUE_AI\installer\..\dist\BLUE_AI\_internal\sklearn\datasets\tests\data\openml\id_42074\api-v1-jdq-42074.json.gz
   Compressing: C:\BLUE_AI\installer\..\dist\BLUE_AI\_internal\sklearn\datasets\tests\data\openml\id_42074\data-v1-dl-21552912.arff.gz
   Compressing: C:\BLUE_AI\installer\..\dist\BLUE_AI\_internal\sklearn\datasets\tests\data\openml\id_42585\api-v1-jd-42585.json.gz
   Compressing: C:\BLUE_AI\installer\..\dist\BLUE_AI\_internal\sklearn\datasets\tests\data\openml\id_42585\api-v1-jdf-42585.json.gz
   Compressing: C:\BLUE_AI\installer\..\dist\BLUE_AI\_internal\sklearn\datasets\tests\data\openml\id_42585\api-v1-jdq-42585.json.gz
   Compressing: C:\BLUE_AI\installer\..\dist\BLUE_AI\_internal\sklearn\datasets\tests\data\openml\id_42585\data-v1-dl-21854866.arff.gz
   Compressing: C:\BLUE_AI\installer\..\dist\BLUE_AI\_internal\sklearn\datasets\tests\data\openml\id_561\api-v1-jd-561.json.gz
   Compressing: C:\BLUE_AI\installer\..\dist\BLUE_AI\_internal\sklearn\datasets\tests\data\openml\id_561\api-v1-jdf-561.json.gz
   Compressing: C:\BLUE_AI\installer\..\dist\BLUE_AI\_internal\sklearn\datasets\tests\data\openml\id_561\api-v1-jdl-dn-cpu-l-2-dv-1.json.gz
   Compressing: C:\BLUE_AI\installer\..\dist\BLUE_AI\_internal\sklearn\datasets\tests\data\openml\id_561\api-v1-jdl-dn-cpu-l-2-s-act-.json.gz
   Compressing: C:\BLUE_AI\installer\..\dist\BLUE_AI\_internal\sklearn\datasets\tests\data\openml\id_561\api-v1-jdq-561.json.gz
   Compressing: C:\BLUE_AI\installer\..\dist\BLUE_AI\_internal\sklearn\datasets\tests\data\openml\id_561\data-v1-dl-52739.arff.gz
   Compressing: C:\BLUE_AI\installer\..\dist\BLUE_AI\_internal\sklearn\datasets\tests\data\openml\id_61\api-v1-jd-61.json.gz
   Compressing: C:\BLUE_AI\installer\..\dist\BLUE_AI\_internal\sklearn\datasets\tests\data\openml\id_61\api-v1-jdf-61.json.gz
   Compressing: C:\BLUE_AI\installer\..\dist\BLUE_AI\_internal\sklearn\datasets\tests\data\openml\id_61\api-v1-jdl-dn-iris-l-2-dv-1.json.gz
   Compressing: C:\BLUE_AI\installer\..\dist\BLUE_AI\_internal\sklearn\datasets\tests\data\openml\id_61\api-v1-jdl-dn-iris-l-2-s-act-.json.gz
   Compressing: C:\BLUE_AI\installer\..\dist\BLUE_AI\_internal\sklearn\datasets\tests\data\openml\id_61\api-v1-jdq-61.json.gz
   Compressing: C:\BLUE_AI\installer\..\dist\BLUE_AI\_internal\sklearn\datasets\tests\data\openml\id_61\data-v1-dl-61.arff.gz
   Compressing: C:\BLUE_AI\installer\..\dist\BLUE_AI\_internal\sklearn\datasets\tests\data\openml\id_62\api-v1-jd-62.json.gz
   Compressing: C:\BLUE_AI\installer\..\dist\BLUE_AI\_internal\sklearn\datasets\tests\data\openml\id_62\api-v1-jdf-62.json.gz
   Compressing: C:\BLUE_AI\installer\..\dist\BLUE_AI\_internal\sklearn\datasets\tests\data\openml\id_62\api-v1-jdq-62.json.gz
   Compressing: C:\BLUE_AI\installer\..\dist\BLUE_AI\_internal\sklearn\datasets\tests\data\openml\id_62\data-v1-dl-52352.arff.gz
   Compressing: C:\BLUE_AI\installer\..\dist\BLUE_AI\_internal\sklearn\decomposition\meson.build
   Compressing: C:\BLUE_AI\installer\..\dist\BLUE_AI\_internal\sklearn\decomposition\_cdnmf_fast.cp312-win_amd64.lib
   Compressing: C:\BLUE_AI\installer\..\dist\BLUE_AI\_internal\sklearn\decomposition\_cdnmf_fast.cp312-win_amd64.pyd
   Compressing: C:\BLUE_AI\installer\..\dist\BLUE_AI\_internal\sklearn\decomposition\_cdnmf_fast.pyx
   Compressing: C:\BLUE_AI\installer\..\dist\BLUE_AI\_internal\sklearn\decomposition\_online_lda_fast.cp312-win_amd64.lib
   Compressing: C:\BLUE_AI\installer\..\dist\BLUE_AI\_internal\sklearn\decomposition\_online_lda_fast.cp312-win_amd64.pyd
   Compressing: C:\BLUE_AI\installer\..\dist\BLUE_AI\_internal\sklearn\decomposition\_online_lda_fast.pyx
   Compressing: C:\BLUE_AI\installer\..\dist\BLUE_AI\_internal\sklearn\ensemble\meson.build
   Compressing: C:\BLUE_AI\installer\..\dist\BLUE_AI\_internal\sklearn\ensemble\_gradient_boosting.cp312-win_amd64.lib
   Compressing: C:\BLUE_AI\installer\..\dist\BLUE_AI\_internal\sklearn\ensemble\_gradient_boosting.cp312-win_amd64.pyd
   Compressing: C:\BLUE_AI\installer\..\dist\BLUE_AI\_internal\sklearn\ensemble\_gradient_boosting.pyx
   Compressing: C:\BLUE_AI\installer\..\dist\BLUE_AI\_internal\sklearn\ensemble\_hist_gradient_boosting\common.cp312-win_amd64.lib
   Compressing: C:\BLUE_AI\installer\..\dist\BLUE_AI\_internal\sklearn\ensemble\_hist_gradient_boosting\common.cp312-win_amd64.pyd
   Compressing: C:\BLUE_AI\installer\..\dist\BLUE_AI\_internal\sklearn\ensemble\_hist_gradient_boosting\common.pxd
   Compressing: C:\BLUE_AI\installer\..\dist\BLUE_AI\_internal\sklearn\ensemble\_hist_gradient_boosting\common.pyx
   Compressing: C:\BLUE_AI\installer\..\dist\BLUE_AI\_internal\sklearn\ensemble\_hist_gradient_boosting\histogram.cp312-win_amd64.lib
   Compressing: C:\BLUE_AI\installer\..\dist\BLUE_AI\_internal\sklearn\ensemble\_hist_gradient_boosting\histogram.cp312-win_amd64.pyd
   Compressing: C:\BLUE_AI\installer\..\dist\BLUE_AI\_internal\sklearn\ensemble\_hist_gradient_boosting\histogram.pyx
   Compressing: C:\BLUE_AI\installer\..\dist\BLUE_AI\_internal\sklearn\ensemble\_hist_gradient_boosting\meson.build
   Compressing: C:\BLUE_AI\installer\..\dist\BLUE_AI\_internal\sklearn\ensemble\_hist_gradient_boosting\splitting.cp312-win_amd64.lib
   Compressing: C:\BLUE_AI\installer\..\dist\BLUE_AI\_internal\sklearn\ensemble\_hist_gradient_boosting\splitting.cp312-win_amd64.pyd
   Compressing: C:\BLUE_AI\installer\..\dist\BLUE_AI\_internal\sklearn\ensemble\_hist_gradient_boosting\splitting.pyx
   Compressing: C:\BLUE_AI\installer\..\dist\BLUE_AI\_internal\sklearn\ensemble\_hist_gradient_boosting\_binning.cp312-win_amd64.lib
   Compressing: C:\BLUE_AI\installer\..\dist\BLUE_AI\_internal\sklearn\ensemble\_hist_gradient_boosting\_binning.cp312-win_amd64.pyd
   Compressing: C:\BLUE_AI\installer\..\dist\BLUE_AI\_internal\sklearn\ensemble\_hist_gradient_boosting\_binning.pyx
   Compressing: C:\BLUE_AI\installer\..\dist\BLUE_AI\_internal\sklearn\ensemble\_hist_gradient_boosting\_bitset.cp312-win_amd64.lib
   Compressing: C:\BLUE_AI\installer\..\dist\BLUE_AI\_internal\sklearn\ensemble\_hist_gradient_boosting\_bitset.cp312-win_amd64.pyd
   Compressing: C:\BLUE_AI\installer\..\dist\BLUE_AI\_internal\sklearn\ensemble\_hist_gradient_boosting\_bitset.pxd
   Compressing: C:\BLUE_AI\installer\..\dist\BLUE_AI\_internal\sklearn\ensemble\_hist_gradient_boosting\_bitset.pyx
   Compressing: C:\BLUE_AI\installer\..\dist\BLUE_AI\_internal\sklearn\ensemble\_hist_gradient_boosting\_gradient_boosting.cp312-win_amd64.lib
   Compressing: C:\BLUE_AI\installer\..\dist\BLUE_AI\_internal\sklearn\ensemble\_hist_gradient_boosting\_gradient_boosting.cp312-win_amd64.pyd
   Compressing: C:\BLUE_AI\installer\..\dist\BLUE_AI\_internal\sklearn\ensemble\_hist_gradient_boosting\_gradient_boosting.pyx
   Compressing: C:\BLUE_AI\installer\..\dist\BLUE_AI\_internal\sklearn\ensemble\_hist_gradient_boosting\_predictor.cp312-win_amd64.lib
   Compressing: C:\BLUE_AI\installer\..\dist\BLUE_AI\_internal\sklearn\ensemble\_hist_gradient_boosting\_predictor.cp312-win_amd64.pyd
   Compressing: C:\BLUE_AI\installer\..\dist\BLUE_AI\_internal\sklearn\ensemble\_hist_gradient_boosting\_predictor.pyx
   Compressing: C:\BLUE_AI\installer\..\dist\BLUE_AI\_internal\sklearn\externals\README
   Compressing: C:\BLUE_AI\installer\..\dist\BLUE_AI\_internal\sklearn\externals\array_api_compat\LICENSE
   Compressing: C:\BLUE_AI\installer\..\dist\BLUE_AI\_internal\sklearn\externals\array_api_compat\py.typed
   Compressing: C:\BLUE_AI\installer\..\dist\BLUE_AI\_internal\sklearn\externals\array_api_compat\README.md
   Compressing: C:\BLUE_AI\installer\..\dist\BLUE_AI\_internal\sklearn\externals\array_api_extra\LICENSE
   Compressing: C:\BLUE_AI\installer\..\dist\BLUE_AI\_internal\sklearn\externals\array_api_extra\py.typed
   Compressing: C:\BLUE_AI\installer\..\dist\BLUE_AI\_internal\sklearn\externals\array_api_extra\README.md
   Compressing: C:\BLUE_AI\installer\..\dist\BLUE_AI\_internal\sklearn\externals\array_api_extra\_lib\_utils\_compat.pyi
   Compressing: C:\BLUE_AI\installer\..\dist\BLUE_AI\_internal\sklearn\externals\array_api_extra\_lib\_utils\_typing.pyi
   Compressing: C:\BLUE_AI\installer\..\dist\BLUE_AI\_internal\sklearn\feature_extraction\meson.build
   Compressing: C:\BLUE_AI\installer\..\dist\BLUE_AI\_internal\sklearn\feature_extraction\_hashing_fast.cp312-win_amd64.lib
   Compressing: C:\BLUE_AI\installer\..\dist\BLUE_AI\_internal\sklearn\feature_extraction\_hashing_fast.cp312-win_amd64.pyd
   Compressing: C:\BLUE_AI\installer\..\dist\BLUE_AI\_internal\sklearn\feature_extraction\_hashing_fast.pyx
   Compressing: C:\BLUE_AI\installer\..\dist\BLUE_AI\_internal\sklearn\linear_model\meson.build
   Compressing: C:\BLUE_AI\installer\..\dist\BLUE_AI\_internal\sklearn\linear_model\_cd_fast.cp312-win_amd64.lib
   Compressing: C:\BLUE_AI\installer\..\dist\BLUE_AI\_internal\sklearn\linear_model\_cd_fast.cp312-win_amd64.pyd
   Compressing: C:\BLUE_AI\installer\..\dist\BLUE_AI\_internal\sklearn\linear_model\_cd_fast.pyx
   Compressing: C:\BLUE_AI\installer\..\dist\BLUE_AI\_internal\sklearn\linear_model\_sag_fast.cp312-win_amd64.lib
   Compressing: C:\BLUE_AI\installer\..\dist\BLUE_AI\_internal\sklearn\linear_model\_sag_fast.cp312-win_amd64.pyd
   Compressing: C:\BLUE_AI\installer\..\dist\BLUE_AI\_internal\sklearn\linear_model\_sag_fast.pyx.tp
   Compressing: C:\BLUE_AI\installer\..\dist\BLUE_AI\_internal\sklearn\linear_model\_sgd_fast.cp312-win_amd64.lib
   Compressing: C:\BLUE_AI\installer\..\dist\BLUE_AI\_internal\sklearn\linear_model\_sgd_fast.cp312-win_amd64.pyd
   Compressing: C:\BLUE_AI\installer\..\dist\BLUE_AI\_internal\sklearn\linear_model\_sgd_fast.pyx.tp
   Compressing: C:\BLUE_AI\installer\..\dist\BLUE_AI\_internal\sklearn\manifold\meson.build
   Compressing: C:\BLUE_AI\installer\..\dist\BLUE_AI\_internal\sklearn\manifold\_barnes_hut_tsne.cp312-win_amd64.lib
   Compressing: C:\BLUE_AI\installer\..\dist\BLUE_AI\_internal\sklearn\manifold\_barnes_hut_tsne.cp312-win_amd64.pyd
   Compressing: C:\BLUE_AI\installer\..\dist\BLUE_AI\_internal\sklearn\manifold\_barnes_hut_tsne.pyx
   Compressing: C:\BLUE_AI\installer\..\dist\BLUE_AI\_internal\sklearn\manifold\_utils.cp312-win_amd64.lib
   Compressing: C:\BLUE_AI\installer\..\dist\BLUE_AI\_internal\sklearn\manifold\_utils.cp312-win_amd64.pyd
   Compressing: C:\BLUE_AI\installer\..\dist\BLUE_AI\_internal\sklearn\manifold\_utils.pyx
   Compressing: C:\BLUE_AI\installer\..\dist\BLUE_AI\_internal\sklearn\metrics\meson.build
   Compressing: C:\BLUE_AI\installer\..\dist\BLUE_AI\_internal\sklearn\metrics\_dist_metrics.cp312-win_amd64.lib
   Compressing: C:\BLUE_AI\installer\..\dist\BLUE_AI\_internal\sklearn\metrics\_dist_metrics.cp312-win_amd64.pyd
   Compressing: C:\BLUE_AI\installer\..\dist\BLUE_AI\_internal\sklearn\metrics\_dist_metrics.pxd
   Compressing: C:\BLUE_AI\installer\..\dist\BLUE_AI\_internal\sklearn\metrics\_dist_metrics.pxd.tp
   Compressing: C:\BLUE_AI\installer\..\dist\BLUE_AI\_internal\sklearn\metrics\_dist_metrics.pyx.tp
   Compressing: C:\BLUE_AI\installer\..\dist\BLUE_AI\_internal\sklearn\metrics\_pairwise_fast.cp312-win_amd64.lib
   Compressing: C:\BLUE_AI\installer\..\dist\BLUE_AI\_internal\sklearn\metrics\_pairwise_fast.cp312-win_amd64.pyd
   Compressing: C:\BLUE_AI\installer\..\dist\BLUE_AI\_internal\sklearn\metrics\_pairwise_fast.pyx
   Compressing: C:\BLUE_AI\installer\..\dist\BLUE_AI\_internal\sklearn\metrics\cluster\meson.build
   Compressing: C:\BLUE_AI\installer\..\dist\BLUE_AI\_internal\sklearn\metrics\cluster\_expected_mutual_info_fast.cp312-win_amd64.lib
   Compressing: C:\BLUE_AI\installer\..\dist\BLUE_AI\_internal\sklearn\metrics\cluster\_expected_mutual_info_fast.cp312-win_amd64.pyd
   Compressing: C:\BLUE_AI\installer\..\dist\BLUE_AI\_internal\sklearn\metrics\cluster\_expected_mutual_info_fast.pyx
   Compressing: C:\BLUE_AI\installer\..\dist\BLUE_AI\_internal\sklearn\metrics\_pairwise_distances_reduction\meson.build
   Compressing: C:\BLUE_AI\installer\..\dist\BLUE_AI\_internal\sklearn\metrics\_pairwise_distances_reduction\_argkmin.cp312-win_amd64.lib
   Compressing: C:\BLUE_AI\installer\..\dist\BLUE_AI\_internal\sklearn\metrics\_pairwise_distances_reduction\_argkmin.cp312-win_amd64.pyd
   Compressing: C:\BLUE_AI\installer\..\dist\BLUE_AI\_internal\sklearn\metrics\_pairwise_distances_reduction\_argkmin.pxd.tp
   Compressing: C:\BLUE_AI\installer\..\dist\BLUE_AI\_internal\sklearn\metrics\_pairwise_distances_reduction\_argkmin.pyx.tp
   Compressing: C:\BLUE_AI\installer\..\dist\BLUE_AI\_internal\sklearn\metrics\_pairwise_distances_reduction\_argkmin_classmode.cp312-win_amd64.lib
   Compressing: C:\BLUE_AI\installer\..\dist\BLUE_AI\_internal\sklearn\metrics\_pairwise_distances_reduction\_argkmin_classmode.cp312-win_amd64.pyd
   Compressing: C:\BLUE_AI\installer\..\dist\BLUE_AI\_internal\sklearn\metrics\_pairwise_distances_reduction\_argkmin_classmode.pyx.tp
   Compressing: C:\BLUE_AI\installer\..\dist\BLUE_AI\_internal\sklearn\metrics\_pairwise_distances_reduction\_base.cp312-win_amd64.lib
   Compressing: C:\BLUE_AI\installer\..\dist\BLUE_AI\_internal\sklearn\metrics\_pairwise_distances_reduction\_base.cp312-win_amd64.pyd
   Compressing: C:\BLUE_AI\installer\..\dist\BLUE_AI\_internal\sklearn\metrics\_pairwise_distances_reduction\_base.pxd.tp
   Compressing: C:\BLUE_AI\installer\..\dist\BLUE_AI\_internal\sklearn\metrics\_pairwise_distances_reduction\_base.pyx.tp
   Compressing: C:\BLUE_AI\installer\..\dist\BLUE_AI\_internal\sklearn\metrics\_pairwise_distances_reduction\_classmode.pxd
   Compressing: C:\BLUE_AI\installer\..\dist\BLUE_AI\_internal\sklearn\metrics\_pairwise_distances_reduction\_datasets_pair.cp312-win_amd64.lib
   Compressing: C:\BLUE_AI\installer\..\dist\BLUE_AI\_internal\sklearn\metrics\_pairwise_distances_reduction\_datasets_pair.cp312-win_amd64.pyd
   Compressing: C:\BLUE_AI\installer\..\dist\BLUE_AI\_internal\sklearn\metrics\_pairwise_distances_reduction\_datasets_pair.pxd.tp
   Compressing: C:\BLUE_AI\installer\..\dist\BLUE_AI\_internal\sklearn\metrics\_pairwise_distances_reduction\_datasets_pair.pyx.tp
   Compressing: C:\BLUE_AI\installer\..\dist\BLUE_AI\_internal\sklearn\metrics\_pairwise_distances_reduction\_middle_term_computer.cp312-win_amd64.lib
   Compressing: C:\BLUE_AI\installer\..\dist\BLUE_AI\_internal\sklearn\metrics\_pairwise_distances_reduction\_middle_term_computer.cp312-win_amd64.pyd
   Compressing: C:\BLUE_AI\installer\..\dist\BLUE_AI\_internal\sklearn\metrics\_pairwise_distances_reduction\_middle_term_computer.pxd.tp
   Compressing: C:\BLUE_AI\installer\..\dist\BLUE_AI\_internal\sklearn\metrics\_pairwise_distances_reduction\_middle_term_computer.pyx.tp
   Compressing: C:\BLUE_AI\installer\..\dist\BLUE_AI\_internal\sklearn\metrics\_pairwise_distances_reduction\_radius_neighbors.cp312-win_amd64.lib
   Compressing: C:\BLUE_AI\installer\..\dist\BLUE_AI\_internal\sklearn\metrics\_pairwise_distances_reduction\_radius_neighbors.cp312-win_amd64.pyd
   Compressing: C:\BLUE_AI\installer\..\dist\BLUE_AI\_internal\sklearn\metrics\_pairwise_distances_reduction\_radius_neighbors.pxd.tp
   Compressing: C:\BLUE_AI\installer\..\dist\BLUE_AI\_internal\sklearn\metrics\_pairwise_distances_reduction\_radius_neighbors.pyx.tp
   Compressing: C:\BLUE_AI\installer\..\dist\BLUE_AI\_internal\sklearn\metrics\_pairwise_distances_reduction\_radius_neighbors_classmode.cp312-win_amd64.lib
   Compressing: C:\BLUE_AI\installer\..\dist\BLUE_AI\_internal\sklearn\metrics\_pairwise_distances_reduction\_radius_neighbors_classmode.cp312-win_amd64.pyd
   Compressing: C:\BLUE_AI\installer\..\dist\BLUE_AI\_internal\sklearn\metrics\_pairwise_distances_reduction\_radius_neighbors_classmode.pyx.tp
   Compressing: C:\BLUE_AI\installer\..\dist\BLUE_AI\_internal\sklearn\neighbors\meson.build
   Compressing: C:\BLUE_AI\installer\..\dist\BLUE_AI\_internal\sklearn\neighbors\_ball_tree.cp312-win_amd64.lib
   Compressing: C:\BLUE_AI\installer\..\dist\BLUE_AI\_internal\sklearn\neighbors\_ball_tree.cp312-win_amd64.pyd
   Compressing: C:\BLUE_AI\installer\..\dist\BLUE_AI\_internal\sklearn\neighbors\_ball_tree.pyx.tp
   Compressing: C:\BLUE_AI\installer\..\dist\BLUE_AI\_internal\sklearn\neighbors\_binary_tree.pxi.tp
   Compressing: C:\BLUE_AI\installer\..\dist\BLUE_AI\_internal\sklearn\neighbors\_kd_tree.cp312-win_amd64.lib
   Compressing: C:\BLUE_AI\installer\..\dist\BLUE_AI\_internal\sklearn\neighbors\_kd_tree.cp312-win_amd64.pyd
   Compressing: C:\BLUE_AI\installer\..\dist\BLUE_AI\_internal\sklearn\neighbors\_kd_tree.pyx.tp
   Compressing: C:\BLUE_AI\installer\..\dist\BLUE_AI\_internal\sklearn\neighbors\_partition_nodes.cp312-win_amd64.lib
   Compressing: C:\BLUE_AI\installer\..\dist\BLUE_AI\_internal\sklearn\neighbors\_partition_nodes.cp312-win_amd64.pyd
   Compressing: C:\BLUE_AI\installer\..\dist\BLUE_AI\_internal\sklearn\neighbors\_partition_nodes.pxd
   Compressing: C:\BLUE_AI\installer\..\dist\BLUE_AI\_internal\sklearn\neighbors\_partition_nodes.pyx
   Compressing: C:\BLUE_AI\installer\..\dist\BLUE_AI\_internal\sklearn\neighbors\_quad_tree.cp312-win_amd64.lib
   Compressing: C:\BLUE_AI\installer\..\dist\BLUE_AI\_internal\sklearn\neighbors\_quad_tree.cp312-win_amd64.pyd
   Compressing: C:\BLUE_AI\installer\..\dist\BLUE_AI\_internal\sklearn\neighbors\_quad_tree.pxd
   Compressing: C:\BLUE_AI\installer\..\dist\BLUE_AI\_internal\sklearn\neighbors\_quad_tree.pyx
   Compressing: C:\BLUE_AI\installer\..\dist\BLUE_AI\_internal\sklearn\preprocessing\meson.build
   Compressing: C:\BLUE_AI\installer\..\dist\BLUE_AI\_internal\sklearn\preprocessing\_csr_polynomial_expansion.cp312-win_amd64.lib
   Compressing: C:\BLUE_AI\installer\..\dist\BLUE_AI\_internal\sklearn\preprocessing\_csr_polynomial_expansion.cp312-win_amd64.pyd
   Compressing: C:\BLUE_AI\installer\..\dist\BLUE_AI\_internal\sklearn\preprocessing\_csr_polynomial_expansion.pyx
   Compressing: C:\BLUE_AI\installer\..\dist\BLUE_AI\_internal\sklearn\preprocessing\_target_encoder_fast.cp312-win_amd64.lib
   Compressing: C:\BLUE_AI\installer\..\dist\BLUE_AI\_internal\sklearn\preprocessing\_target_encoder_fast.cp312-win_amd64.pyd
   Compressing: C:\BLUE_AI\installer\..\dist\BLUE_AI\_internal\sklearn\preprocessing\_target_encoder_fast.pyx
   Compressing: C:\BLUE_AI\installer\..\dist\BLUE_AI\_internal\sklearn\svm\meson.build
   Compressing: C:\BLUE_AI\installer\..\dist\BLUE_AI\_internal\sklearn\svm\_liblinear.cp312-win_amd64.lib
   Compressing: C:\BLUE_AI\installer\..\dist\BLUE_AI\_internal\sklearn\svm\_liblinear.cp312-win_amd64.pyd
   Compressing: C:\BLUE_AI\installer\..\dist\BLUE_AI\_internal\sklearn\svm\_liblinear.pxi
   Compressing: C:\BLUE_AI\installer\..\dist\BLUE_AI\_internal\sklearn\svm\_liblinear.pyx
   Compressing: C:\BLUE_AI\installer\..\dist\BLUE_AI\_internal\sklearn\svm\_libsvm.cp312-win_amd64.lib
   Compressing: C:\BLUE_AI\installer\..\dist\BLUE_AI\_internal\sklearn\svm\_libsvm.cp312-win_amd64.pyd
   Compressing: C:\BLUE_AI\installer\..\dist\BLUE_AI\_internal\sklearn\svm\_libsvm.pxi
   Compressing: C:\BLUE_AI\installer\..\dist\BLUE_AI\_internal\sklearn\svm\_libsvm.pyx
   Compressing: C:\BLUE_AI\installer\..\dist\BLUE_AI\_internal\sklearn\svm\_libsvm_sparse.cp312-win_amd64.lib
   Compressing: C:\BLUE_AI\installer\..\dist\BLUE_AI\_internal\sklearn\svm\_libsvm_sparse.cp312-win_amd64.pyd
   Compressing: C:\BLUE_AI\installer\..\dist\BLUE_AI\_internal\sklearn\svm\_libsvm_sparse.pyx
   Compressing: C:\BLUE_AI\installer\..\dist\BLUE_AI\_internal\sklearn\svm\_newrand.cp312-win_amd64.lib
   Compressing: C:\BLUE_AI\installer\..\dist\BLUE_AI\_internal\sklearn\svm\_newrand.pyx
   Compressing: C:\BLUE_AI\installer\..\dist\BLUE_AI\_internal\sklearn\svm\src\liblinear\COPYRIGHT
   Compressing: C:\BLUE_AI\installer\..\dist\BLUE_AI\_internal\sklearn\svm\src\liblinear\liblinear_helper.c
   Compressing: C:\BLUE_AI\installer\..\dist\BLUE_AI\_internal\sklearn\svm\src\liblinear\linear.cpp
   Compressing: C:\BLUE_AI\installer\..\dist\BLUE_AI\_internal\sklearn\svm\src\liblinear\linear.h
   Compressing: C:\BLUE_AI\installer\..\dist\BLUE_AI\_internal\sklearn\svm\src\liblinear\tron.cpp
   Compressing: C:\BLUE_AI\installer\..\dist\BLUE_AI\_internal\sklearn\svm\src\liblinear\tron.h
   Compressing: C:\BLUE_AI\installer\..\dist\BLUE_AI\_internal\sklearn\svm\src\liblinear\_cython_blas_helpers.h
   Compressing: C:\BLUE_AI\installer\..\dist\BLUE_AI\_internal\sklearn\svm\src\libsvm\LIBSVM_CHANGES
   Compressing: C:\BLUE_AI\installer\..\dist\BLUE_AI\_internal\sklearn\svm\src\libsvm\libsvm_helper.c
   Compressing: C:\BLUE_AI\installer\..\dist\BLUE_AI\_internal\sklearn\svm\src\libsvm\libsvm_sparse_helper.c
   Compressing: C:\BLUE_AI\installer\..\dist\BLUE_AI\_internal\sklearn\svm\src\libsvm\libsvm_template.cpp
   Compressing: C:\BLUE_AI\installer\..\dist\BLUE_AI\_internal\sklearn\svm\src\libsvm\svm.cpp
   Compressing: C:\BLUE_AI\installer\..\dist\BLUE_AI\_internal\sklearn\svm\src\libsvm\svm.h
   Compressing: C:\BLUE_AI\installer\..\dist\BLUE_AI\_internal\sklearn\svm\src\libsvm\_svm_cython_blas_helpers.h
   Compressing: C:\BLUE_AI\installer\..\dist\BLUE_AI\_internal\sklearn\svm\src\newrand\newrand.h
   Compressing: C:\BLUE_AI\installer\..\dist\BLUE_AI\_internal\sklearn\tree\meson.build
   Compressing: C:\BLUE_AI\installer\..\dist\BLUE_AI\_internal\sklearn\tree\_criterion.cp312-win_amd64.lib
   Compressing: C:\BLUE_AI\installer\..\dist\BLUE_AI\_internal\sklearn\tree\_criterion.cp312-win_amd64.pyd
   Compressing: C:\BLUE_AI\installer\..\dist\BLUE_AI\_internal\sklearn\tree\_criterion.pxd
   Compressing: C:\BLUE_AI\installer\..\dist\BLUE_AI\_internal\sklearn\tree\_criterion.pyx
   Compressing: C:\BLUE_AI\installer\..\dist\BLUE_AI\_internal\sklearn\tree\_partitioner.cp312-win_amd64.lib
   Compressing: C:\BLUE_AI\installer\..\dist\BLUE_AI\_internal\sklearn\tree\_partitioner.cp312-win_amd64.pyd
   Compressing: C:\BLUE_AI\installer\..\dist\BLUE_AI\_internal\sklearn\tree\_partitioner.pxd
   Compressing: C:\BLUE_AI\installer\..\dist\BLUE_AI\_internal\sklearn\tree\_partitioner.pyx
   Compressing: C:\BLUE_AI\installer\..\dist\BLUE_AI\_internal\sklearn\tree\_splitter.cp312-win_amd64.lib
   Compressing: C:\BLUE_AI\installer\..\dist\BLUE_AI\_internal\sklearn\tree\_splitter.cp312-win_amd64.pyd
   Compressing: C:\BLUE_AI\installer\..\dist\BLUE_AI\_internal\sklearn\tree\_splitter.pxd
   Compressing: C:\BLUE_AI\installer\..\dist\BLUE_AI\_internal\sklearn\tree\_splitter.pyx
   Compressing: C:\BLUE_AI\installer\..\dist\BLUE_AI\_internal\sklearn\tree\_tree.cp312-win_amd64.lib
   Compressing: C:\BLUE_AI\installer\..\dist\BLUE_AI\_internal\sklearn\tree\_tree.cp312-win_amd64.pyd
   Compressing: C:\BLUE_AI\installer\..\dist\BLUE_AI\_internal\sklearn\tree\_tree.pxd
   Compressing: C:\BLUE_AI\installer\..\dist\BLUE_AI\_internal\sklearn\tree\_tree.pyx
   Compressing: C:\BLUE_AI\installer\..\dist\BLUE_AI\_internal\sklearn\tree\_utils.cp312-win_amd64.lib
   Compressing: C:\BLUE_AI\installer\..\dist\BLUE_AI\_internal\sklearn\tree\_utils.cp312-win_amd64.pyd
   Compressing: C:\BLUE_AI\installer\..\dist\BLUE_AI\_internal\sklearn\tree\_utils.pxd
   Compressing: C:\BLUE_AI\installer\..\dist\BLUE_AI\_internal\sklearn\tree\_utils.pyx
   Compressing: C:\BLUE_AI\installer\..\dist\BLUE_AI\_internal\sklearn\utils\arrayfuncs.cp312-win_amd64.lib
   Compressing: C:\BLUE_AI\installer\..\dist\BLUE_AI\_internal\sklearn\utils\arrayfuncs.cp312-win_amd64.pyd
   Compressing: C:\BLUE_AI\installer\..\dist\BLUE_AI\_internal\sklearn\utils\arrayfuncs.pyx
   Compressing: C:\BLUE_AI\installer\..\dist\BLUE_AI\_internal\sklearn\utils\meson.build
   Compressing: C:\BLUE_AI\installer\..\dist\BLUE_AI\_internal\sklearn\utils\murmurhash.cp312-win_amd64.lib
   Compressing: C:\BLUE_AI\installer\..\dist\BLUE_AI\_internal\sklearn\utils\murmurhash.cp312-win_amd64.pyd
   Compressing: C:\BLUE_AI\installer\..\dist\BLUE_AI\_internal\sklearn\utils\murmurhash.pxd
   Compressing: C:\BLUE_AI\installer\..\dist\BLUE_AI\_internal\sklearn\utils\murmurhash.pyx
   Compressing: C:\BLUE_AI\installer\..\dist\BLUE_AI\_internal\sklearn\utils\sparsefuncs_fast.cp312-win_amd64.lib
   Compressing: C:\BLUE_AI\installer\..\dist\BLUE_AI\_internal\sklearn\utils\sparsefuncs_fast.cp312-win_amd64.pyd
   Compressing: C:\BLUE_AI\installer\..\dist\BLUE_AI\_internal\sklearn\utils\sparsefuncs_fast.pyx
   Compressing: C:\BLUE_AI\installer\..\dist\BLUE_AI\_internal\sklearn\utils\_cython_blas.cp312-win_amd64.lib
   Compressing: C:\BLUE_AI\installer\..\dist\BLUE_AI\_internal\sklearn\utils\_cython_blas.cp312-win_amd64.pyd
   Compressing: C:\BLUE_AI\installer\..\dist\BLUE_AI\_internal\sklearn\utils\_cython_blas.pxd
   Compressing: C:\BLUE_AI\installer\..\dist\BLUE_AI\_internal\sklearn\utils\_cython_blas.pyx
   Compressing: C:\BLUE_AI\installer\..\dist\BLUE_AI\_internal\sklearn\utils\_fast_dict.cp312-win_amd64.lib
   Compressing: C:\BLUE_AI\installer\..\dist\BLUE_AI\_internal\sklearn\utils\_fast_dict.cp312-win_amd64.pyd
   Compressing: C:\BLUE_AI\installer\..\dist\BLUE_AI\_internal\sklearn\utils\_fast_dict.pxd
   Compressing: C:\BLUE_AI\installer\..\dist\BLUE_AI\_internal\sklearn\utils\_fast_dict.pyx
   Compressing: C:\BLUE_AI\installer\..\dist\BLUE_AI\_internal\sklearn\utils\_heap.cp312-win_amd64.lib
   Compressing: C:\BLUE_AI\installer\..\dist\BLUE_AI\_internal\sklearn\utils\_heap.cp312-win_amd64.pyd
   Compressing: C:\BLUE_AI\installer\..\dist\BLUE_AI\_internal\sklearn\utils\_heap.pxd
   Compressing: C:\BLUE_AI\installer\..\dist\BLUE_AI\_internal\sklearn\utils\_heap.pyx
   Compressing: C:\BLUE_AI\installer\..\dist\BLUE_AI\_internal\sklearn\utils\_isfinite.cp312-win_amd64.lib
   Compressing: C:\BLUE_AI\installer\..\dist\BLUE_AI\_internal\sklearn\utils\_isfinite.cp312-win_amd64.pyd
   Compressing: C:\BLUE_AI\installer\..\dist\BLUE_AI\_internal\sklearn\utils\_isfinite.pyx
   Compressing: C:\BLUE_AI\installer\..\dist\BLUE_AI\_internal\sklearn\utils\_openmp_helpers.cp312-win_amd64.lib
   Compressing: C:\BLUE_AI\installer\..\dist\BLUE_AI\_internal\sklearn\utils\_openmp_helpers.cp312-win_amd64.pyd
   Compressing: C:\BLUE_AI\installer\..\dist\BLUE_AI\_internal\sklearn\utils\_openmp_helpers.pxd
   Compressing: C:\BLUE_AI\installer\..\dist\BLUE_AI\_internal\sklearn\utils\_openmp_helpers.pyx
   Compressing: C:\BLUE_AI\installer\..\dist\BLUE_AI\_internal\sklearn\utils\_random.cp312-win_amd64.lib
   Compressing: C:\BLUE_AI\installer\..\dist\BLUE_AI\_internal\sklearn\utils\_random.cp312-win_amd64.pyd
   Compressing: C:\BLUE_AI\installer\..\dist\BLUE_AI\_internal\sklearn\utils\_random.pxd
   Compressing: C:\BLUE_AI\installer\..\dist\BLUE_AI\_internal\sklearn\utils\_random.pyx
   Compressing: C:\BLUE_AI\installer\..\dist\BLUE_AI\_internal\sklearn\utils\_seq_dataset.cp312-win_amd64.lib
   Compressing: C:\BLUE_AI\installer\..\dist\BLUE_AI\_internal\sklearn\utils\_seq_dataset.cp312-win_amd64.pyd
   Compressing: C:\BLUE_AI\installer\..\dist\BLUE_AI\_internal\sklearn\utils\_seq_dataset.pxd.tp
   Compressing: C:\BLUE_AI\installer\..\dist\BLUE_AI\_internal\sklearn\utils\_seq_dataset.pyx.tp
   Compressing: C:\BLUE_AI\installer\..\dist\BLUE_AI\_internal\sklearn\utils\_sorting.cp312-win_amd64.lib
   Compressing: C:\BLUE_AI\installer\..\dist\BLUE_AI\_internal\sklearn\utils\_sorting.cp312-win_amd64.pyd
   Compressing: C:\BLUE_AI\installer\..\dist\BLUE_AI\_internal\sklearn\utils\_sorting.pxd
   Compressing: C:\BLUE_AI\installer\..\dist\BLUE_AI\_internal\sklearn\utils\_sorting.pyx
   Compressing: C:\BLUE_AI\installer\..\dist\BLUE_AI\_internal\sklearn\utils\_typedefs.cp312-win_amd64.lib
   Compressing: C:\BLUE_AI\installer\..\dist\BLUE_AI\_internal\sklearn\utils\_typedefs.cp312-win_amd64.pyd
   Compressing: C:\BLUE_AI\installer\..\dist\BLUE_AI\_internal\sklearn\utils\_typedefs.pxd
   Compressing: C:\BLUE_AI\installer\..\dist\BLUE_AI\_internal\sklearn\utils\_typedefs.pyx
   Compressing: C:\BLUE_AI\installer\..\dist\BLUE_AI\_internal\sklearn\utils\_vector_sentinel.cp312-win_amd64.lib
   Compressing: C:\BLUE_AI\installer\..\dist\BLUE_AI\_internal\sklearn\utils\_vector_sentinel.cp312-win_amd64.pyd
   Compressing: C:\BLUE_AI\installer\..\dist\BLUE_AI\_internal\sklearn\utils\_vector_sentinel.pxd
   Compressing: C:\BLUE_AI\installer\..\dist\BLUE_AI\_internal\sklearn\utils\_vector_sentinel.pyx
   Compressing: C:\BLUE_AI\installer\..\dist\BLUE_AI\_internal\sklearn\utils\_weight_vector.cp312-win_amd64.lib
   Compressing: C:\BLUE_AI\installer\..\dist\BLUE_AI\_internal\sklearn\utils\_weight_vector.cp312-win_amd64.pyd
   Compressing: C:\BLUE_AI\installer\..\dist\BLUE_AI\_internal\sklearn\utils\_weight_vector.pxd.tp
   Compressing: C:\BLUE_AI\installer\..\dist\BLUE_AI\_internal\sklearn\utils\_weight_vector.pyx.tp
   Compressing: C:\BLUE_AI\installer\..\dist\BLUE_AI\_internal\sklearn\utils\src\MurmurHash3.cpp
   Compressing: C:\BLUE_AI\installer\..\dist\BLUE_AI\_internal\sklearn\utils\src\MurmurHash3.h
   Compressing: C:\BLUE_AI\installer\..\dist\BLUE_AI\_internal\sklearn\utils\_repr_html\estimator.css
   Compressing: C:\BLUE_AI\installer\..\dist\BLUE_AI\_internal\sklearn\utils\_repr_html\estimator.js
   Compressing: C:\BLUE_AI\installer\..\dist\BLUE_AI\_internal\sklearn\utils\_repr_html\params.css
   Compressing: C:\BLUE_AI\installer\..\dist\BLUE_AI\_internal\sklearn\_loss\meson.build
   Compressing: C:\BLUE_AI\installer\..\dist\BLUE_AI\_internal\sklearn\_loss\_loss.cp312-win_amd64.lib
   Compressing: C:\BLUE_AI\installer\..\dist\BLUE_AI\_internal\sklearn\_loss\_loss.cp312-win_amd64.pyd
   Compressing: C:\BLUE_AI\installer\..\dist\BLUE_AI\_internal\sklearn\_loss\_loss.pxd
   Compressing: C:\BLUE_AI\installer\..\dist\BLUE_AI\_internal\sklearn\_loss\_loss.pyx.tp
   Compressing: C:\BLUE_AI\installer\..\dist\BLUE_AI\_internal\sklearn\__check_build\meson.build
   Compressing: C:\BLUE_AI\installer\..\dist\BLUE_AI\_internal\sklearn\__check_build\_check_build.cp312-win_amd64.lib
   Compressing: C:\BLUE_AI\installer\..\dist\BLUE_AI\_internal\sklearn\__check_build\_check_build.cp312-win_amd64.pyd
   Compressing: C:\BLUE_AI\installer\..\dist\BLUE_AI\_internal\sklearn\__check_build\_check_build.pyx
   Compressing: C:\BLUE_AI\installer\..\dist\BLUE_AI\_internal\tokenizers\tokenizers.pyd
   Compressing: C:\BLUE_AI\installer\..\dist\BLUE_AI\_internal\tqdm-4.67.3.dist-info\entry_points.txt
   Compressing: C:\BLUE_AI\installer\..\dist\BLUE_AI\_internal\tqdm-4.67.3.dist-info\INSTALLER
   Compressing: C:\BLUE_AI\installer\..\dist\BLUE_AI\_internal\tqdm-4.67.3.dist-info\METADATA
   Compressing: C:\BLUE_AI\installer\..\dist\BLUE_AI\_internal\tqdm-4.67.3.dist-info\RECORD
   Compressing: C:\BLUE_AI\installer\..\dist\BLUE_AI\_internal\tqdm-4.67.3.dist-info\top_level.txt
   Compressing: C:\BLUE_AI\installer\..\dist\BLUE_AI\_internal\tqdm-4.67.3.dist-info\WHEEL
   Compressing: C:\BLUE_AI\installer\..\dist\BLUE_AI\_internal\tqdm-4.67.3.dist-info\licenses\LICENCE
   Compressing: C:\BLUE_AI\installer\..\dist\BLUE_AI\_internal\tzdata\zones
   Compressing: C:\BLUE_AI\installer\..\dist\BLUE_AI\_internal\tzdata\zoneinfo\CET
   Compressing: C:\BLUE_AI\installer\..\dist\BLUE_AI\_internal\tzdata\zoneinfo\CST6CDT
   Compressing: C:\BLUE_AI\installer\..\dist\BLUE_AI\_internal\tzdata\zoneinfo\Cuba
   Compressing: C:\BLUE_AI\installer\..\dist\BLUE_AI\_internal\tzdata\zoneinfo\EET
   Compressing: C:\BLUE_AI\installer\..\dist\BLUE_AI\_internal\tzdata\zoneinfo\Egypt
   Compressing: C:\BLUE_AI\installer\..\dist\BLUE_AI\_internal\tzdata\zoneinfo\Eire
   Compressing: C:\BLUE_AI\installer\..\dist\BLUE_AI\_internal\tzdata\zoneinfo\EST
   Compressing: C:\BLUE_AI\installer\..\dist\BLUE_AI\_internal\tzdata\zoneinfo\EST5EDT
   Compressing: C:\BLUE_AI\installer\..\dist\BLUE_AI\_internal\tzdata\zoneinfo\Factory
   Compressing: C:\BLUE_AI\installer\..\dist\BLUE_AI\_internal\tzdata\zoneinfo\GB
   Compressing: C:\BLUE_AI\installer\..\dist\BLUE_AI\_internal\tzdata\zoneinfo\GB-Eire
   Compressing: C:\BLUE_AI\installer\..\dist\BLUE_AI\_internal\tzdata\zoneinfo\GMT
   Compressing: C:\BLUE_AI\installer\..\dist\BLUE_AI\_internal\tzdata\zoneinfo\GMT+0
   Compressing: C:\BLUE_AI\installer\..\dist\BLUE_AI\_internal\tzdata\zoneinfo\GMT-0
   Compressing: C:\BLUE_AI\installer\..\dist\BLUE_AI\_internal\tzdata\zoneinfo\GMT0
   Compressing: C:\BLUE_AI\installer\..\dist\BLUE_AI\_internal\tzdata\zoneinfo\Greenwich
   Compressing: C:\BLUE_AI\installer\..\dist\BLUE_AI\_internal\tzdata\zoneinfo\Hongkong
   Compressing: C:\BLUE_AI\installer\..\dist\BLUE_AI\_internal\tzdata\zoneinfo\HST
   Compressing: C:\BLUE_AI\installer\..\dist\BLUE_AI\_internal\tzdata\zoneinfo\Iceland
   Compressing: C:\BLUE_AI\installer\..\dist\BLUE_AI\_internal\tzdata\zoneinfo\Iran
   Compressing: C:\BLUE_AI\installer\..\dist\BLUE_AI\_internal\tzdata\zoneinfo\iso3166.tab
   Compressing: C:\BLUE_AI\installer\..\dist\BLUE_AI\_internal\tzdata\zoneinfo\Israel
   Compressing: C:\BLUE_AI\installer\..\dist\BLUE_AI\_internal\tzdata\zoneinfo\Jamaica
   Compressing: C:\BLUE_AI\installer\..\dist\BLUE_AI\_internal\tzdata\zoneinfo\Japan
   Compressing: C:\BLUE_AI\installer\..\dist\BLUE_AI\_internal\tzdata\zoneinfo\Kwajalein
   Compressing: C:\BLUE_AI\installer\..\dist\BLUE_AI\_internal\tzdata\zoneinfo\leapseconds
   Compressing: C:\BLUE_AI\installer\..\dist\BLUE_AI\_internal\tzdata\zoneinfo\Libya
   Compressing: C:\BLUE_AI\installer\..\dist\BLUE_AI\_internal\tzdata\zoneinfo\MET
   Compressing: C:\BLUE_AI\installer\..\dist\BLUE_AI\_internal\tzdata\zoneinfo\MST
   Compressing: C:\BLUE_AI\installer\..\dist\BLUE_AI\_internal\tzdata\zoneinfo\MST7MDT
   Compressing: C:\BLUE_AI\installer\..\dist\BLUE_AI\_internal\tzdata\zoneinfo\Navajo
   Compressing: C:\BLUE_AI\installer\..\dist\BLUE_AI\_internal\tzdata\zoneinfo\NZ
   Compressing: C:\BLUE_AI\installer\..\dist\BLUE_AI\_internal\tzdata\zoneinfo\NZ-CHAT
   Compressing: C:\BLUE_AI\installer\..\dist\BLUE_AI\_internal\tzdata\zoneinfo\Poland
   Compressing: C:\BLUE_AI\installer\..\dist\BLUE_AI\_internal\tzdata\zoneinfo\Portugal
   Compressing: C:\BLUE_AI\installer\..\dist\BLUE_AI\_internal\tzdata\zoneinfo\PRC
   Compressing: C:\BLUE_AI\installer\..\dist\BLUE_AI\_internal\tzdata\zoneinfo\PST8PDT
   Compressing: C:\BLUE_AI\installer\..\dist\BLUE_AI\_internal\tzdata\zoneinfo\ROC
   Compressing: C:\BLUE_AI\installer\..\dist\BLUE_AI\_internal\tzdata\zoneinfo\ROK
   Compressing: C:\BLUE_AI\installer\..\dist\BLUE_AI\_internal\tzdata\zoneinfo\Singapore
   Compressing: C:\BLUE_AI\installer\..\dist\BLUE_AI\_internal\tzdata\zoneinfo\Turkey
   Compressing: C:\BLUE_AI\installer\..\dist\BLUE_AI\_internal\tzdata\zoneinfo\tzdata.zi
   Compressing: C:\BLUE_AI\installer\..\dist\BLUE_AI\_internal\tzdata\zoneinfo\UCT
   Compressing: C:\BLUE_AI\installer\..\dist\BLUE_AI\_internal\tzdata\zoneinfo\Universal
   Compressing: C:\BLUE_AI\installer\..\dist\BLUE_AI\_internal\tzdata\zoneinfo\UTC
   Compressing: C:\BLUE_AI\installer\..\dist\BLUE_AI\_internal\tzdata\zoneinfo\W-SU
   Compressing: C:\BLUE_AI\installer\..\dist\BLUE_AI\_internal\tzdata\zoneinfo\WET
   Compressing: C:\BLUE_AI\installer\..\dist\BLUE_AI\_internal\tzdata\zoneinfo\zone.tab
   Compressing: C:\BLUE_AI\installer\..\dist\BLUE_AI\_internal\tzdata\zoneinfo\zone1970.tab
   Compressing: C:\BLUE_AI\installer\..\dist\BLUE_AI\_internal\tzdata\zoneinfo\zonenow.tab
   Compressing: C:\BLUE_AI\installer\..\dist\BLUE_AI\_internal\tzdata\zoneinfo\Zulu
   Compressing: C:\BLUE_AI\installer\..\dist\BLUE_AI\_internal\tzdata\zoneinfo\Africa\Abidjan
   Compressing: C:\BLUE_AI\installer\..\dist\BLUE_AI\_internal\tzdata\zoneinfo\Africa\Accra
   Compressing: C:\BLUE_AI\installer\..\dist\BLUE_AI\_internal\tzdata\zoneinfo\Africa\Addis_Ababa
   Compressing: C:\BLUE_AI\installer\..\dist\BLUE_AI\_internal\tzdata\zoneinfo\Africa\Algiers
   Compressing: C:\BLUE_AI\installer\..\dist\BLUE_AI\_internal\tzdata\zoneinfo\Africa\Asmara
   Compressing: C:\BLUE_AI\installer\..\dist\BLUE_AI\_internal\tzdata\zoneinfo\Africa\Asmera
   Compressing: C:\BLUE_AI\installer\..\dist\BLUE_AI\_internal\tzdata\zoneinfo\Africa\Bamako
   Compressing: C:\BLUE_AI\installer\..\dist\BLUE_AI\_internal\tzdata\zoneinfo\Africa\Bangui
   Compressing: C:\BLUE_AI\installer\..\dist\BLUE_AI\_internal\tzdata\zoneinfo\Africa\Banjul
   Compressing: C:\BLUE_AI\installer\..\dist\BLUE_AI\_internal\tzdata\zoneinfo\Africa\Bissau
   Compressing: C:\BLUE_AI\installer\..\dist\BLUE_AI\_internal\tzdata\zoneinfo\Africa\Blantyre
   Compressing: C:\BLUE_AI\installer\..\dist\BLUE_AI\_internal\tzdata\zoneinfo\Africa\Brazzaville
   Compressing: C:\BLUE_AI\installer\..\dist\BLUE_AI\_internal\tzdata\zoneinfo\Africa\Bujumbura
   Compressing: C:\BLUE_AI\installer\..\dist\BLUE_AI\_internal\tzdata\zoneinfo\Africa\Cairo
   Compressing: C:\BLUE_AI\installer\..\dist\BLUE_AI\_internal\tzdata\zoneinfo\Africa\Casablanca
   Compressing: C:\BLUE_AI\installer\..\dist\BLUE_AI\_internal\tzdata\zoneinfo\Africa\Ceuta
   Compressing: C:\BLUE_AI\installer\..\dist\BLUE_AI\_internal\tzdata\zoneinfo\Africa\Conakry
   Compressing: C:\BLUE_AI\installer\..\dist\BLUE_AI\_internal\tzdata\zoneinfo\Africa\Dakar
   Compressing: C:\BLUE_AI\installer\..\dist\BLUE_AI\_internal\tzdata\zoneinfo\Africa\Dar_es_Salaam
   Compressing: C:\BLUE_AI\installer\..\dist\BLUE_AI\_internal\tzdata\zoneinfo\Africa\Djibouti
   Compressing: C:\BLUE_AI\installer\..\dist\BLUE_AI\_internal\tzdata\zoneinfo\Africa\Douala
   Compressing: C:\BLUE_AI\installer\..\dist\BLUE_AI\_internal\tzdata\zoneinfo\Africa\El_Aaiun
   Compressing: C:\BLUE_AI\installer\..\dist\BLUE_AI\_internal\tzdata\zoneinfo\Africa\Freetown
   Compressing: C:\BLUE_AI\installer\..\dist\BLUE_AI\_internal\tzdata\zoneinfo\Africa\Gaborone
   Compressing: C:\BLUE_AI\installer\..\dist\BLUE_AI\_internal\tzdata\zoneinfo\Africa\Harare
   Compressing: C:\BLUE_AI\installer\..\dist\BLUE_AI\_internal\tzdata\zoneinfo\Africa\Johannesburg
   Compressing: C:\BLUE_AI\installer\..\dist\BLUE_AI\_internal\tzdata\zoneinfo\Africa\Juba
   Compressing: C:\BLUE_AI\installer\..\dist\BLUE_AI\_internal\tzdata\zoneinfo\Africa\Kampala
   Compressing: C:\BLUE_AI\installer\..\dist\BLUE_AI\_internal\tzdata\zoneinfo\Africa\Khartoum
   Compressing: C:\BLUE_AI\installer\..\dist\BLUE_AI\_internal\tzdata\zoneinfo\Africa\Kigali
   Compressing: C:\BLUE_AI\installer\..\dist\BLUE_AI\_internal\tzdata\zoneinfo\Africa\Kinshasa
   Compressing: C:\BLUE_AI\installer\..\dist\BLUE_AI\_internal\tzdata\zoneinfo\Africa\Lagos
   Compressing: C:\BLUE_AI\installer\..\dist\BLUE_AI\_internal\tzdata\zoneinfo\Africa\Libreville
   Compressing: C:\BLUE_AI\installer\..\dist\BLUE_AI\_internal\tzdata\zoneinfo\Africa\Lome
   Compressing: C:\BLUE_AI\installer\..\dist\BLUE_AI\_internal\tzdata\zoneinfo\Africa\Luanda
   Compressing: C:\BLUE_AI\installer\..\dist\BLUE_AI\_internal\tzdata\zoneinfo\Africa\Lubumbashi
   Compressing: C:\BLUE_AI\installer\..\dist\BLUE_AI\_internal\tzdata\zoneinfo\Africa\Lusaka
   Compressing: C:\BLUE_AI\installer\..\dist\BLUE_AI\_internal\tzdata\zoneinfo\Africa\Malabo
   Compressing: C:\BLUE_AI\installer\..\dist\BLUE_AI\_internal\tzdata\zoneinfo\Africa\Maputo
   Compressing: C:\BLUE_AI\installer\..\dist\BLUE_AI\_internal\tzdata\zoneinfo\Africa\Maseru
   Compressing: C:\BLUE_AI\installer\..\dist\BLUE_AI\_internal\tzdata\zoneinfo\Africa\Mbabane
   Compressing: C:\BLUE_AI\installer\..\dist\BLUE_AI\_internal\tzdata\zoneinfo\Africa\Mogadishu
   Compressing: C:\BLUE_AI\installer\..\dist\BLUE_AI\_internal\tzdata\zoneinfo\Africa\Monrovia
   Compressing: C:\BLUE_AI\installer\..\dist\BLUE_AI\_internal\tzdata\zoneinfo\Africa\Nairobi
   Compressing: C:\BLUE_AI\installer\..\dist\BLUE_AI\_internal\tzdata\zoneinfo\Africa\Ndjamena
   Compressing: C:\BLUE_AI\installer\..\dist\BLUE_AI\_internal\tzdata\zoneinfo\Africa\Niamey
   Compressing: C:\BLUE_AI\installer\..\dist\BLUE_AI\_internal\tzdata\zoneinfo\Africa\Nouakchott
   Compressing: C:\BLUE_AI\installer\..\dist\BLUE_AI\_internal\tzdata\zoneinfo\Africa\Ouagadougou
   Compressing: C:\BLUE_AI\installer\..\dist\BLUE_AI\_internal\tzdata\zoneinfo\Africa\Porto-Novo
   Compressing: C:\BLUE_AI\installer\..\dist\BLUE_AI\_internal\tzdata\zoneinfo\Africa\Sao_Tome
   Compressing: C:\BLUE_AI\installer\..\dist\BLUE_AI\_internal\tzdata\zoneinfo\Africa\Timbuktu
   Compressing: C:\BLUE_AI\installer\..\dist\BLUE_AI\_internal\tzdata\zoneinfo\Africa\Tripoli
   Compressing: C:\BLUE_AI\installer\..\dist\BLUE_AI\_internal\tzdata\zoneinfo\Africa\Tunis
   Compressing: C:\BLUE_AI\installer\..\dist\BLUE_AI\_internal\tzdata\zoneinfo\Africa\Windhoek
   Compressing: C:\BLUE_AI\installer\..\dist\BLUE_AI\_internal\tzdata\zoneinfo\America\Adak
   Compressing: C:\BLUE_AI\installer\..\dist\BLUE_AI\_internal\tzdata\zoneinfo\America\Anchorage
   Compressing: C:\BLUE_AI\installer\..\dist\BLUE_AI\_internal\tzdata\zoneinfo\America\Anguilla
   Compressing: C:\BLUE_AI\installer\..\dist\BLUE_AI\_internal\tzdata\zoneinfo\America\Antigua
   Compressing: C:\BLUE_AI\installer\..\dist\BLUE_AI\_internal\tzdata\zoneinfo\America\Araguaina
   Compressing: C:\BLUE_AI\installer\..\dist\BLUE_AI\_internal\tzdata\zoneinfo\America\Aruba
   Compressing: C:\BLUE_AI\installer\..\dist\BLUE_AI\_internal\tzdata\zoneinfo\America\Asuncion
   Compressing: C:\BLUE_AI\installer\..\dist\BLUE_AI\_internal\tzdata\zoneinfo\America\Atikokan
   Compressing: C:\BLUE_AI\installer\..\dist\BLUE_AI\_internal\tzdata\zoneinfo\America\Atka
   Compressing: C:\BLUE_AI\installer\..\dist\BLUE_AI\_internal\tzdata\zoneinfo\America\Bahia
   Compressing: C:\BLUE_AI\installer\..\dist\BLUE_AI\_internal\tzdata\zoneinfo\America\Bahia_Banderas
   Compressing: C:\BLUE_AI\installer\..\dist\BLUE_AI\_internal\tzdata\zoneinfo\America\Barbados
   Compressing: C:\BLUE_AI\installer\..\dist\BLUE_AI\_internal\tzdata\zoneinfo\America\Belem
   Compressing: C:\BLUE_AI\installer\..\dist\BLUE_AI\_internal\tzdata\zoneinfo\America\Belize
   Compressing: C:\BLUE_AI\installer\..\dist\BLUE_AI\_internal\tzdata\zoneinfo\America\Blanc-Sablon
   Compressing: C:\BLUE_AI\installer\..\dist\BLUE_AI\_internal\tzdata\zoneinfo\America\Boa_Vista
   Compressing: C:\BLUE_AI\installer\..\dist\BLUE_AI\_internal\tzdata\zoneinfo\America\Bogota
   Compressing: C:\BLUE_AI\installer\..\dist\BLUE_AI\_internal\tzdata\zoneinfo\America\Boise
   Compressing: C:\BLUE_AI\installer\..\dist\BLUE_AI\_internal\tzdata\zoneinfo\America\Buenos_Aires
   Compressing: C:\BLUE_AI\installer\..\dist\BLUE_AI\_internal\tzdata\zoneinfo\America\Cambridge_Bay
   Compressing: C:\BLUE_AI\installer\..\dist\BLUE_AI\_internal\tzdata\zoneinfo\America\Campo_Grande
   Compressing: C:\BLUE_AI\installer\..\dist\BLUE_AI\_internal\tzdata\zoneinfo\America\Cancun
   Compressing: C:\BLUE_AI\installer\..\dist\BLUE_AI\_internal\tzdata\zoneinfo\America\Caracas
   Compressing: C:\BLUE_AI\installer\..\dist\BLUE_AI\_internal\tzdata\zoneinfo\America\Catamarca
   Compressing: C:\BLUE_AI\installer\..\dist\BLUE_AI\_internal\tzdata\zoneinfo\America\Cayenne
   Compressing: C:\BLUE_AI\installer\..\dist\BLUE_AI\_internal\tzdata\zoneinfo\America\Cayman
   Compressing: C:\BLUE_AI\installer\..\dist\BLUE_AI\_internal\tzdata\zoneinfo\America\Chicago
   Compressing: C:\BLUE_AI\installer\..\dist\BLUE_AI\_internal\tzdata\zoneinfo\America\Chihuahua
   Compressing: C:\BLUE_AI\installer\..\dist\BLUE_AI\_internal\tzdata\zoneinfo\America\Ciudad_Juarez
   Compressing: C:\BLUE_AI\installer\..\dist\BLUE_AI\_internal\tzdata\zoneinfo\America\Coral_Harbour
   Compressing: C:\BLUE_AI\installer\..\dist\BLUE_AI\_internal\tzdata\zoneinfo\America\Cordoba
   Compressing: C:\BLUE_AI\installer\..\dist\BLUE_AI\_internal\tzdata\zoneinfo\America\Costa_Rica
   Compressing: C:\BLUE_AI\installer\..\dist\BLUE_AI\_internal\tzdata\zoneinfo\America\Coyhaique
   Compressing: C:\BLUE_AI\installer\..\dist\BLUE_AI\_internal\tzdata\zoneinfo\America\Creston
   Compressing: C:\BLUE_AI\installer\..\dist\BLUE_AI\_internal\tzdata\zoneinfo\America\Cuiaba
   Compressing: C:\BLUE_AI\installer\..\dist\BLUE_AI\_internal\tzdata\zoneinfo\America\Curacao
   Compressing: C:\BLUE_AI\installer\..\dist\BLUE_AI\_internal\tzdata\zoneinfo\America\Danmarkshavn
   Compressing: C:\BLUE_AI\installer\..\dist\BLUE_AI\_internal\tzdata\zoneinfo\America\Dawson
   Compressing: C:\BLUE_AI\installer\..\dist\BLUE_AI\_internal\tzdata\zoneinfo\America\Dawson_Creek
   Compressing: C:\BLUE_AI\installer\..\dist\BLUE_AI\_internal\tzdata\zoneinfo\America\Denver
   Compressing: C:\BLUE_AI\installer\..\dist\BLUE_AI\_internal\tzdata\zoneinfo\America\Detroit
   Compressing: C:\BLUE_AI\installer\..\dist\BLUE_AI\_internal\tzdata\zoneinfo\America\Dominica
   Compressing: C:\BLUE_AI\installer\..\dist\BLUE_AI\_internal\tzdata\zoneinfo\America\Edmonton
   Compressing: C:\BLUE_AI\installer\..\dist\BLUE_AI\_internal\tzdata\zoneinfo\America\Eirunepe
   Compressing: C:\BLUE_AI\installer\..\dist\BLUE_AI\_internal\tzdata\zoneinfo\America\El_Salvador
   Compressing: C:\BLUE_AI\installer\..\dist\BLUE_AI\_internal\tzdata\zoneinfo\America\Ensenada
   Compressing: C:\BLUE_AI\installer\..\dist\BLUE_AI\_internal\tzdata\zoneinfo\America\Fortaleza
   Compressing: C:\BLUE_AI\installer\..\dist\BLUE_AI\_internal\tzdata\zoneinfo\America\Fort_Nelson
   Compressing: C:\BLUE_AI\installer\..\dist\BLUE_AI\_internal\tzdata\zoneinfo\America\Fort_Wayne
   Compressing: C:\BLUE_AI\installer\..\dist\BLUE_AI\_internal\tzdata\zoneinfo\America\Glace_Bay
   Compressing: C:\BLUE_AI\installer\..\dist\BLUE_AI\_internal\tzdata\zoneinfo\America\Godthab
   Compressing: C:\BLUE_AI\installer\..\dist\BLUE_AI\_internal\tzdata\zoneinfo\America\Goose_Bay
   Compressing: C:\BLUE_AI\installer\..\dist\BLUE_AI\_internal\tzdata\zoneinfo\America\Grand_Turk
   Compressing: C:\BLUE_AI\installer\..\dist\BLUE_AI\_internal\tzdata\zoneinfo\America\Grenada
   Compressing: C:\BLUE_AI\installer\..\dist\BLUE_AI\_internal\tzdata\zoneinfo\America\Guadeloupe
   Compressing: C:\BLUE_AI\installer\..\dist\BLUE_AI\_internal\tzdata\zoneinfo\America\Guatemala
   Compressing: C:\BLUE_AI\installer\..\dist\BLUE_AI\_internal\tzdata\zoneinfo\America\Guayaquil
   Compressing: C:\BLUE_AI\installer\..\dist\BLUE_AI\_internal\tzdata\zoneinfo\America\Guyana
   Compressing: C:\BLUE_AI\installer\..\dist\BLUE_AI\_internal\tzdata\zoneinfo\America\Halifax
   Compressing: C:\BLUE_AI\installer\..\dist\BLUE_AI\_internal\tzdata\zoneinfo\America\Havana
   Compressing: C:\BLUE_AI\installer\..\dist\BLUE_AI\_internal\tzdata\zoneinfo\America\Hermosillo
   Compressing: C:\BLUE_AI\installer\..\dist\BLUE_AI\_internal\tzdata\zoneinfo\America\Indianapolis
   Compressing: C:\BLUE_AI\installer\..\dist\BLUE_AI\_internal\tzdata\zoneinfo\America\Inuvik
   Compressing: C:\BLUE_AI\installer\..\dist\BLUE_AI\_internal\tzdata\zoneinfo\America\Iqaluit
   Compressing: C:\BLUE_AI\installer\..\dist\BLUE_AI\_internal\tzdata\zoneinfo\America\Jamaica
   Compressing: C:\BLUE_AI\installer\..\dist\BLUE_AI\_internal\tzdata\zoneinfo\America\Jujuy
   Compressing: C:\BLUE_AI\installer\..\dist\BLUE_AI\_internal\tzdata\zoneinfo\America\Juneau
   Compressing: C:\BLUE_AI\installer\..\dist\BLUE_AI\_internal\tzdata\zoneinfo\America\Knox_IN
   Compressing: C:\BLUE_AI\installer\..\dist\BLUE_AI\_internal\tzdata\zoneinfo\America\Kralendijk
   Compressing: C:\BLUE_AI\installer\..\dist\BLUE_AI\_internal\tzdata\zoneinfo\America\La_Paz
   Compressing: C:\BLUE_AI\installer\..\dist\BLUE_AI\_internal\tzdata\zoneinfo\America\Lima
   Compressing: C:\BLUE_AI\installer\..\dist\BLUE_AI\_internal\tzdata\zoneinfo\America\Los_Angeles
   Compressing: C:\BLUE_AI\installer\..\dist\BLUE_AI\_internal\tzdata\zoneinfo\America\Louisville
   Compressing: C:\BLUE_AI\installer\..\dist\BLUE_AI\_internal\tzdata\zoneinfo\America\Lower_Princes
   Compressing: C:\BLUE_AI\installer\..\dist\BLUE_AI\_internal\tzdata\zoneinfo\America\Maceio
   Compressing: C:\BLUE_AI\installer\..\dist\BLUE_AI\_internal\tzdata\zoneinfo\America\Managua
   Compressing: C:\BLUE_AI\installer\..\dist\BLUE_AI\_internal\tzdata\zoneinfo\America\Manaus
   Compressing: C:\BLUE_AI\installer\..\dist\BLUE_AI\_internal\tzdata\zoneinfo\America\Marigot
   Compressing: C:\BLUE_AI\installer\..\dist\BLUE_AI\_internal\tzdata\zoneinfo\America\Martinique
   Compressing: C:\BLUE_AI\installer\..\dist\BLUE_AI\_internal\tzdata\zoneinfo\America\Matamoros
   Compressing: C:\BLUE_AI\installer\..\dist\BLUE_AI\_internal\tzdata\zoneinfo\America\Mazatlan
   Compressing: C:\BLUE_AI\installer\..\dist\BLUE_AI\_internal\tzdata\zoneinfo\America\Mendoza
   Compressing: C:\BLUE_AI\installer\..\dist\BLUE_AI\_internal\tzdata\zoneinfo\America\Menominee
   Compressing: C:\BLUE_AI\installer\..\dist\BLUE_AI\_internal\tzdata\zoneinfo\America\Merida
   Compressing: C:\BLUE_AI\installer\..\dist\BLUE_AI\_internal\tzdata\zoneinfo\America\Metlakatla
   Compressing: C:\BLUE_AI\installer\..\dist\BLUE_AI\_internal\tzdata\zoneinfo\America\Mexico_City
   Compressing: C:\BLUE_AI\installer\..\dist\BLUE_AI\_internal\tzdata\zoneinfo\America\Miquelon
   Compressing: C:\BLUE_AI\installer\..\dist\BLUE_AI\_internal\tzdata\zoneinfo\America\Moncton
   Compressing: C:\BLUE_AI\installer\..\dist\BLUE_AI\_internal\tzdata\zoneinfo\America\Monterrey
   Compressing: C:\BLUE_AI\installer\..\dist\BLUE_AI\_internal\tzdata\zoneinfo\America\Montevideo
   Compressing: C:\BLUE_AI\installer\..\dist\BLUE_AI\_internal\tzdata\zoneinfo\America\Montreal
   Compressing: C:\BLUE_AI\installer\..\dist\BLUE_AI\_internal\tzdata\zoneinfo\America\Montserrat
   Compressing: C:\BLUE_AI\installer\..\dist\BLUE_AI\_internal\tzdata\zoneinfo\America\Nassau
   Compressing: C:\BLUE_AI\installer\..\dist\BLUE_AI\_internal\tzdata\zoneinfo\America\New_York
   Compressing: C:\BLUE_AI\installer\..\dist\BLUE_AI\_internal\tzdata\zoneinfo\America\Nipigon
   Compressing: C:\BLUE_AI\installer\..\dist\BLUE_AI\_internal\tzdata\zoneinfo\America\Nome
   Compressing: C:\BLUE_AI\installer\..\dist\BLUE_AI\_internal\tzdata\zoneinfo\America\Noronha
   Compressing: C:\BLUE_AI\installer\..\dist\BLUE_AI\_internal\tzdata\zoneinfo\America\Nuuk
   Compressing: C:\BLUE_AI\installer\..\dist\BLUE_AI\_internal\tzdata\zoneinfo\America\Ojinaga
   Compressing: C:\BLUE_AI\installer\..\dist\BLUE_AI\_internal\tzdata\zoneinfo\America\Panama
   Compressing: C:\BLUE_AI\installer\..\dist\BLUE_AI\_internal\tzdata\zoneinfo\America\Pangnirtung
   Compressing: C:\BLUE_AI\installer\..\dist\BLUE_AI\_internal\tzdata\zoneinfo\America\Paramaribo
   Compressing: C:\BLUE_AI\installer\..\dist\BLUE_AI\_internal\tzdata\zoneinfo\America\Phoenix
   Compressing: C:\BLUE_AI\installer\..\dist\BLUE_AI\_internal\tzdata\zoneinfo\America\Port-au-Prince
   Compressing: C:\BLUE_AI\installer\..\dist\BLUE_AI\_internal\tzdata\zoneinfo\America\Porto_Acre
   Compressing: C:\BLUE_AI\installer\..\dist\BLUE_AI\_internal\tzdata\zoneinfo\America\Porto_Velho
   Compressing: C:\BLUE_AI\installer\..\dist\BLUE_AI\_internal\tzdata\zoneinfo\America\Port_of_Spain
   Compressing: C:\BLUE_AI\installer\..\dist\BLUE_AI\_internal\tzdata\zoneinfo\America\Puerto_Rico
   Compressing: C:\BLUE_AI\installer\..\dist\BLUE_AI\_internal\tzdata\zoneinfo\America\Punta_Arenas
   Compressing: C:\BLUE_AI\installer\..\dist\BLUE_AI\_internal\tzdata\zoneinfo\America\Rainy_River
   Compressing: C:\BLUE_AI\installer\..\dist\BLUE_AI\_internal\tzdata\zoneinfo\America\Rankin_Inlet
   Compressing: C:\BLUE_AI\installer\..\dist\BLUE_AI\_internal\tzdata\zoneinfo\America\Recife
   Compressing: C:\BLUE_AI\installer\..\dist\BLUE_AI\_internal\tzdata\zoneinfo\America\Regina
   Compressing: C:\BLUE_AI\installer\..\dist\BLUE_AI\_internal\tzdata\zoneinfo\America\Resolute
   Compressing: C:\BLUE_AI\installer\..\dist\BLUE_AI\_internal\tzdata\zoneinfo\America\Rio_Branco
   Compressing: C:\BLUE_AI\installer\..\dist\BLUE_AI\_internal\tzdata\zoneinfo\America\Rosario
   Compressing: C:\BLUE_AI\installer\..\dist\BLUE_AI\_internal\tzdata\zoneinfo\America\Santarem
   Compressing: C:\BLUE_AI\installer\..\dist\BLUE_AI\_internal\tzdata\zoneinfo\America\Santa_Isabel
   Compressing: C:\BLUE_AI\installer\..\dist\BLUE_AI\_internal\tzdata\zoneinfo\America\Santiago
   Compressing: C:\BLUE_AI\installer\..\dist\BLUE_AI\_internal\tzdata\zoneinfo\America\Santo_Domingo
   Compressing: C:\BLUE_AI\installer\..\dist\BLUE_AI\_internal\tzdata\zoneinfo\America\Sao_Paulo
   Compressing: C:\BLUE_AI\installer\..\dist\BLUE_AI\_internal\tzdata\zoneinfo\America\Scoresbysund
   Compressing: C:\BLUE_AI\installer\..\dist\BLUE_AI\_internal\tzdata\zoneinfo\America\Shiprock
   Compressing: C:\BLUE_AI\installer\..\dist\BLUE_AI\_internal\tzdata\zoneinfo\America\Sitka
   Compressing: C:\BLUE_AI\installer\..\dist\BLUE_AI\_internal\tzdata\zoneinfo\America\St_Barthelemy
   Compressing: C:\BLUE_AI\installer\..\dist\BLUE_AI\_internal\tzdata\zoneinfo\America\St_Johns
   Compressing: C:\BLUE_AI\installer\..\dist\BLUE_AI\_internal\tzdata\zoneinfo\America\St_Kitts
   Compressing: C:\BLUE_AI\installer\..\dist\BLUE_AI\_internal\tzdata\zoneinfo\America\St_Lucia
   Compressing: C:\BLUE_AI\installer\..\dist\BLUE_AI\_internal\tzdata\zoneinfo\America\St_Thomas
   Compressing: C:\BLUE_AI\installer\..\dist\BLUE_AI\_internal\tzdata\zoneinfo\America\St_Vincent
   Compressing: C:\BLUE_AI\installer\..\dist\BLUE_AI\_internal\tzdata\zoneinfo\America\Swift_Current
   Compressing: C:\BLUE_AI\installer\..\dist\BLUE_AI\_internal\tzdata\zoneinfo\America\Tegucigalpa
   Compressing: C:\BLUE_AI\installer\..\dist\BLUE_AI\_internal\tzdata\zoneinfo\America\Thule
   Compressing: C:\BLUE_AI\installer\..\dist\BLUE_AI\_internal\tzdata\zoneinfo\America\Thunder_Bay
   Compressing: C:\BLUE_AI\installer\..\dist\BLUE_AI\_internal\tzdata\zoneinfo\America\Tijuana
   Compressing: C:\BLUE_AI\installer\..\dist\BLUE_AI\_internal\tzdata\zoneinfo\America\Toronto
   Compressing: C:\BLUE_AI\installer\..\dist\BLUE_AI\_internal\tzdata\zoneinfo\America\Tortola
   Compressing: C:\BLUE_AI\installer\..\dist\BLUE_AI\_internal\tzdata\zoneinfo\America\Vancouver
   Compressing: C:\BLUE_AI\installer\..\dist\BLUE_AI\_internal\tzdata\zoneinfo\America\Virgin
   Compressing: C:\BLUE_AI\installer\..\dist\BLUE_AI\_internal\tzdata\zoneinfo\America\Whitehorse
   Compressing: C:\BLUE_AI\installer\..\dist\BLUE_AI\_internal\tzdata\zoneinfo\America\Winnipeg
   Compressing: C:\BLUE_AI\installer\..\dist\BLUE_AI\_internal\tzdata\zoneinfo\America\Yakutat
   Compressing: C:\BLUE_AI\installer\..\dist\BLUE_AI\_internal\tzdata\zoneinfo\America\Yellowknife
   Compressing: C:\BLUE_AI\installer\..\dist\BLUE_AI\_internal\tzdata\zoneinfo\America\Argentina\Buenos_Aires
   Compressing: C:\BLUE_AI\installer\..\dist\BLUE_AI\_internal\tzdata\zoneinfo\America\Argentina\Catamarca
   Compressing: C:\BLUE_AI\installer\..\dist\BLUE_AI\_internal\tzdata\zoneinfo\America\Argentina\ComodRivadavia
   Compressing: C:\BLUE_AI\installer\..\dist\BLUE_AI\_internal\tzdata\zoneinfo\America\Argentina\Cordoba
   Compressing: C:\BLUE_AI\installer\..\dist\BLUE_AI\_internal\tzdata\zoneinfo\America\Argentina\Jujuy
   Compressing: C:\BLUE_AI\installer\..\dist\BLUE_AI\_internal\tzdata\zoneinfo\America\Argentina\La_Rioja
   Compressing: C:\BLUE_AI\installer\..\dist\BLUE_AI\_internal\tzdata\zoneinfo\America\Argentina\Mendoza
   Compressing: C:\BLUE_AI\installer\..\dist\BLUE_AI\_internal\tzdata\zoneinfo\America\Argentina\Rio_Gallegos
   Compressing: C:\BLUE_AI\installer\..\dist\BLUE_AI\_internal\tzdata\zoneinfo\America\Argentina\Salta
   Compressing: C:\BLUE_AI\installer\..\dist\BLUE_AI\_internal\tzdata\zoneinfo\America\Argentina\San_Juan
   Compressing: C:\BLUE_AI\installer\..\dist\BLUE_AI\_internal\tzdata\zoneinfo\America\Argentina\San_Luis
   Compressing: C:\BLUE_AI\installer\..\dist\BLUE_AI\_internal\tzdata\zoneinfo\America\Argentina\Tucuman
   Compressing: C:\BLUE_AI\installer\..\dist\BLUE_AI\_internal\tzdata\zoneinfo\America\Argentina\Ushuaia
   Compressing: C:\BLUE_AI\installer\..\dist\BLUE_AI\_internal\tzdata\zoneinfo\America\Indiana\Indianapolis
   Compressing: C:\BLUE_AI\installer\..\dist\BLUE_AI\_internal\tzdata\zoneinfo\America\Indiana\Knox
   Compressing: C:\BLUE_AI\installer\..\dist\BLUE_AI\_internal\tzdata\zoneinfo\America\Indiana\Marengo
   Compressing: C:\BLUE_AI\installer\..\dist\BLUE_AI\_internal\tzdata\zoneinfo\America\Indiana\Petersburg
   Compressing: C:\BLUE_AI\installer\..\dist\BLUE_AI\_internal\tzdata\zoneinfo\America\Indiana\Tell_City
   Compressing: C:\BLUE_AI\installer\..\dist\BLUE_AI\_internal\tzdata\zoneinfo\America\Indiana\Vevay
   Compressing: C:\BLUE_AI\installer\..\dist\BLUE_AI\_internal\tzdata\zoneinfo\America\Indiana\Vincennes
   Compressing: C:\BLUE_AI\installer\..\dist\BLUE_AI\_internal\tzdata\zoneinfo\America\Indiana\Winamac
   Compressing: C:\BLUE_AI\installer\..\dist\BLUE_AI\_internal\tzdata\zoneinfo\America\Kentucky\Louisville
   Compressing: C:\BLUE_AI\installer\..\dist\BLUE_AI\_internal\tzdata\zoneinfo\America\Kentucky\Monticello
   Compressing: C:\BLUE_AI\installer\..\dist\BLUE_AI\_internal\tzdata\zoneinfo\America\North_Dakota\Beulah
   Compressing: C:\BLUE_AI\installer\..\dist\BLUE_AI\_internal\tzdata\zoneinfo\America\North_Dakota\Center
   Compressing: C:\BLUE_AI\installer\..\dist\BLUE_AI\_internal\tzdata\zoneinfo\America\North_Dakota\New_Salem
   Compressing: C:\BLUE_AI\installer\..\dist\BLUE_AI\_internal\tzdata\zoneinfo\Antarctica\Casey
   Compressing: C:\BLUE_AI\installer\..\dist\BLUE_AI\_internal\tzdata\zoneinfo\Antarctica\Davis
   Compressing: C:\BLUE_AI\installer\..\dist\BLUE_AI\_internal\tzdata\zoneinfo\Antarctica\DumontDUrville
   Compressing: C:\BLUE_AI\installer\..\dist\BLUE_AI\_internal\tzdata\zoneinfo\Antarctica\Macquarie
   Compressing: C:\BLUE_AI\installer\..\dist\BLUE_AI\_internal\tzdata\zoneinfo\Antarctica\Mawson
   Compressing: C:\BLUE_AI\installer\..\dist\BLUE_AI\_internal\tzdata\zoneinfo\Antarctica\McMurdo
   Compressing: C:\BLUE_AI\installer\..\dist\BLUE_AI\_internal\tzdata\zoneinfo\Antarctica\Palmer
   Compressing: C:\BLUE_AI\installer\..\dist\BLUE_AI\_internal\tzdata\zoneinfo\Antarctica\Rothera
   Compressing: C:\BLUE_AI\installer\..\dist\BLUE_AI\_internal\tzdata\zoneinfo\Antarctica\South_Pole
   Compressing: C:\BLUE_AI\installer\..\dist\BLUE_AI\_internal\tzdata\zoneinfo\Antarctica\Syowa
   Compressing: C:\BLUE_AI\installer\..\dist\BLUE_AI\_internal\tzdata\zoneinfo\Antarctica\Troll
   Compressing: C:\BLUE_AI\installer\..\dist\BLUE_AI\_internal\tzdata\zoneinfo\Antarctica\Vostok
   Compressing: C:\BLUE_AI\installer\..\dist\BLUE_AI\_internal\tzdata\zoneinfo\Arctic\Longyearbyen
   Compressing: C:\BLUE_AI\installer\..\dist\BLUE_AI\_internal\tzdata\zoneinfo\Asia\Aden
   Compressing: C:\BLUE_AI\installer\..\dist\BLUE_AI\_internal\tzdata\zoneinfo\Asia\Almaty
   Compressing: C:\BLUE_AI\installer\..\dist\BLUE_AI\_internal\tzdata\zoneinfo\Asia\Amman
   Compressing: C:\BLUE_AI\installer\..\dist\BLUE_AI\_internal\tzdata\zoneinfo\Asia\Anadyr
   Compressing: C:\BLUE_AI\installer\..\dist\BLUE_AI\_internal\tzdata\zoneinfo\Asia\Aqtau
   Compressing: C:\BLUE_AI\installer\..\dist\BLUE_AI\_internal\tzdata\zoneinfo\Asia\Aqtobe
   Compressing: C:\BLUE_AI\installer\..\dist\BLUE_AI\_internal\tzdata\zoneinfo\Asia\Ashgabat
   Compressing: C:\BLUE_AI\installer\..\dist\BLUE_AI\_internal\tzdata\zoneinfo\Asia\Ashkhabad
   Compressing: C:\BLUE_AI\installer\..\dist\BLUE_AI\_internal\tzdata\zoneinfo\Asia\Atyrau
   Compressing: C:\BLUE_AI\installer\..\dist\BLUE_AI\_internal\tzdata\zoneinfo\Asia\Baghdad
   Compressing: C:\BLUE_AI\installer\..\dist\BLUE_AI\_internal\tzdata\zoneinfo\Asia\Bahrain
   Compressing: C:\BLUE_AI\installer\..\dist\BLUE_AI\_internal\tzdata\zoneinfo\Asia\Baku
   Compressing: C:\BLUE_AI\installer\..\dist\BLUE_AI\_internal\tzdata\zoneinfo\Asia\Bangkok
   Compressing: C:\BLUE_AI\installer\..\dist\BLUE_AI\_internal\tzdata\zoneinfo\Asia\Barnaul
   Compressing: C:\BLUE_AI\installer\..\dist\BLUE_AI\_internal\tzdata\zoneinfo\Asia\Beirut
   Compressing: C:\BLUE_AI\installer\..\dist\BLUE_AI\_internal\tzdata\zoneinfo\Asia\Bishkek
   Compressing: C:\BLUE_AI\installer\..\dist\BLUE_AI\_internal\tzdata\zoneinfo\Asia\Brunei
   Compressing: C:\BLUE_AI\installer\..\dist\BLUE_AI\_internal\tzdata\zoneinfo\Asia\Calcutta
   Compressing: C:\BLUE_AI\installer\..\dist\BLUE_AI\_internal\tzdata\zoneinfo\Asia\Chita
   Compressing: C:\BLUE_AI\installer\..\dist\BLUE_AI\_internal\tzdata\zoneinfo\Asia\Choibalsan
   Compressing: C:\BLUE_AI\installer\..\dist\BLUE_AI\_internal\tzdata\zoneinfo\Asia\Chongqing
   Compressing: C:\BLUE_AI\installer\..\dist\BLUE_AI\_internal\tzdata\zoneinfo\Asia\Chungking
   Compressing: C:\BLUE_AI\installer\..\dist\BLUE_AI\_internal\tzdata\zoneinfo\Asia\Colombo
   Compressing: C:\BLUE_AI\installer\..\dist\BLUE_AI\_internal\tzdata\zoneinfo\Asia\Dacca
   Compressing: C:\BLUE_AI\installer\..\dist\BLUE_AI\_internal\tzdata\zoneinfo\Asia\Damascus
   Compressing: C:\BLUE_AI\installer\..\dist\BLUE_AI\_internal\tzdata\zoneinfo\Asia\Dhaka
   Compressing: C:\BLUE_AI\installer\..\dist\BLUE_AI\_internal\tzdata\zoneinfo\Asia\Dili
   Compressing: C:\BLUE_AI\installer\..\dist\BLUE_AI\_internal\tzdata\zoneinfo\Asia\Dubai
   Compressing: C:\BLUE_AI\installer\..\dist\BLUE_AI\_internal\tzdata\zoneinfo\Asia\Dushanbe
   Compressing: C:\BLUE_AI\installer\..\dist\BLUE_AI\_internal\tzdata\zoneinfo\Asia\Famagusta
   Compressing: C:\BLUE_AI\installer\..\dist\BLUE_AI\_internal\tzdata\zoneinfo\Asia\Gaza
   Compressing: C:\BLUE_AI\installer\..\dist\BLUE_AI\_internal\tzdata\zoneinfo\Asia\Harbin
   Compressing: C:\BLUE_AI\installer\..\dist\BLUE_AI\_internal\tzdata\zoneinfo\Asia\Hebron
   Compressing: C:\BLUE_AI\installer\..\dist\BLUE_AI\_internal\tzdata\zoneinfo\Asia\Hong_Kong
   Compressing: C:\BLUE_AI\installer\..\dist\BLUE_AI\_internal\tzdata\zoneinfo\Asia\Hovd
   Compressing: C:\BLUE_AI\installer\..\dist\BLUE_AI\_internal\tzdata\zoneinfo\Asia\Ho_Chi_Minh
   Compressing: C:\BLUE_AI\installer\..\dist\BLUE_AI\_internal\tzdata\zoneinfo\Asia\Irkutsk
   Compressing: C:\BLUE_AI\installer\..\dist\BLUE_AI\_internal\tzdata\zoneinfo\Asia\Istanbul
   Compressing: C:\BLUE_AI\installer\..\dist\BLUE_AI\_internal\tzdata\zoneinfo\Asia\Jakarta
   Compressing: C:\BLUE_AI\installer\..\dist\BLUE_AI\_internal\tzdata\zoneinfo\Asia\Jayapura
   Compressing: C:\BLUE_AI\installer\..\dist\BLUE_AI\_internal\tzdata\zoneinfo\Asia\Jerusalem
   Compressing: C:\BLUE_AI\installer\..\dist\BLUE_AI\_internal\tzdata\zoneinfo\Asia\Kabul
   Compressing: C:\BLUE_AI\installer\..\dist\BLUE_AI\_internal\tzdata\zoneinfo\Asia\Kamchatka
   Compressing: C:\BLUE_AI\installer\..\dist\BLUE_AI\_internal\tzdata\zoneinfo\Asia\Karachi
   Compressing: C:\BLUE_AI\installer\..\dist\BLUE_AI\_internal\tzdata\zoneinfo\Asia\Kashgar
   Compressing: C:\BLUE_AI\installer\..\dist\BLUE_AI\_internal\tzdata\zoneinfo\Asia\Kathmandu
   Compressing: C:\BLUE_AI\installer\..\dist\BLUE_AI\_internal\tzdata\zoneinfo\Asia\Katmandu
   Compressing: C:\BLUE_AI\installer\..\dist\BLUE_AI\_internal\tzdata\zoneinfo\Asia\Khandyga
   Compressing: C:\BLUE_AI\installer\..\dist\BLUE_AI\_internal\tzdata\zoneinfo\Asia\Kolkata
   Compressing: C:\BLUE_AI\installer\..\dist\BLUE_AI\_internal\tzdata\zoneinfo\Asia\Krasnoyarsk
   Compressing: C:\BLUE_AI\installer\..\dist\BLUE_AI\_internal\tzdata\zoneinfo\Asia\Kuala_Lumpur
   Compressing: C:\BLUE_AI\installer\..\dist\BLUE_AI\_internal\tzdata\zoneinfo\Asia\Kuching
   Compressing: C:\BLUE_AI\installer\..\dist\BLUE_AI\_internal\tzdata\zoneinfo\Asia\Kuwait
   Compressing: C:\BLUE_AI\installer\..\dist\BLUE_AI\_internal\tzdata\zoneinfo\Asia\Macao
   Compressing: C:\BLUE_AI\installer\..\dist\BLUE_AI\_internal\tzdata\zoneinfo\Asia\Macau
   Compressing: C:\BLUE_AI\installer\..\dist\BLUE_AI\_internal\tzdata\zoneinfo\Asia\Magadan
   Compressing: C:\BLUE_AI\installer\..\dist\BLUE_AI\_internal\tzdata\zoneinfo\Asia\Makassar
   Compressing: C:\BLUE_AI\installer\..\dist\BLUE_AI\_internal\tzdata\zoneinfo\Asia\Manila
   Compressing: C:\BLUE_AI\installer\..\dist\BLUE_AI\_internal\tzdata\zoneinfo\Asia\Muscat
   Compressing: C:\BLUE_AI\installer\..\dist\BLUE_AI\_internal\tzdata\zoneinfo\Asia\Nicosia
   Compressing: C:\BLUE_AI\installer\..\dist\BLUE_AI\_internal\tzdata\zoneinfo\Asia\Novokuznetsk
   Compressing: C:\BLUE_AI\installer\..\dist\BLUE_AI\_internal\tzdata\zoneinfo\Asia\Novosibirsk
   Compressing: C:\BLUE_AI\installer\..\dist\BLUE_AI\_internal\tzdata\zoneinfo\Asia\Omsk
   Compressing: C:\BLUE_AI\installer\..\dist\BLUE_AI\_internal\tzdata\zoneinfo\Asia\Oral
   Compressing: C:\BLUE_AI\installer\..\dist\BLUE_AI\_internal\tzdata\zoneinfo\Asia\Phnom_Penh
   Compressing: C:\BLUE_AI\installer\..\dist\BLUE_AI\_internal\tzdata\zoneinfo\Asia\Pontianak
   Compressing: C:\BLUE_AI\installer\..\dist\BLUE_AI\_internal\tzdata\zoneinfo\Asia\Pyongyang
   Compressing: C:\BLUE_AI\installer\..\dist\BLUE_AI\_internal\tzdata\zoneinfo\Asia\Qatar
   Compressing: C:\BLUE_AI\installer\..\dist\BLUE_AI\_internal\tzdata\zoneinfo\Asia\Qostanay
   Compressing: C:\BLUE_AI\installer\..\dist\BLUE_AI\_internal\tzdata\zoneinfo\Asia\Qyzylorda
   Compressing: C:\BLUE_AI\installer\..\dist\BLUE_AI\_internal\tzdata\zoneinfo\Asia\Rangoon
   Compressing: C:\BLUE_AI\installer\..\dist\BLUE_AI\_internal\tzdata\zoneinfo\Asia\Riyadh
   Compressing: C:\BLUE_AI\installer\..\dist\BLUE_AI\_internal\tzdata\zoneinfo\Asia\Saigon
   Compressing: C:\BLUE_AI\installer\..\dist\BLUE_AI\_internal\tzdata\zoneinfo\Asia\Sakhalin
   Compressing: C:\BLUE_AI\installer\..\dist\BLUE_AI\_internal\tzdata\zoneinfo\Asia\Samarkand
   Compressing: C:\BLUE_AI\installer\..\dist\BLUE_AI\_internal\tzdata\zoneinfo\Asia\Seoul
   Compressing: C:\BLUE_AI\installer\..\dist\BLUE_AI\_internal\tzdata\zoneinfo\Asia\Shanghai
   Compressing: C:\BLUE_AI\installer\..\dist\BLUE_AI\_internal\tzdata\zoneinfo\Asia\Singapore
   Compressing: C:\BLUE_AI\installer\..\dist\BLUE_AI\_internal\tzdata\zoneinfo\Asia\Srednekolymsk
   Compressing: C:\BLUE_AI\installer\..\dist\BLUE_AI\_internal\tzdata\zoneinfo\Asia\Taipei
   Compressing: C:\BLUE_AI\installer\..\dist\BLUE_AI\_internal\tzdata\zoneinfo\Asia\Tashkent
   Compressing: C:\BLUE_AI\installer\..\dist\BLUE_AI\_internal\tzdata\zoneinfo\Asia\Tbilisi
   Compressing: C:\BLUE_AI\installer\..\dist\BLUE_AI\_internal\tzdata\zoneinfo\Asia\Tehran
   Compressing: C:\BLUE_AI\installer\..\dist\BLUE_AI\_internal\tzdata\zoneinfo\Asia\Tel_Aviv
   Compressing: C:\BLUE_AI\installer\..\dist\BLUE_AI\_internal\tzdata\zoneinfo\Asia\Thimbu
   Compressing: C:\BLUE_AI\installer\..\dist\BLUE_AI\_internal\tzdata\zoneinfo\Asia\Thimphu
   Compressing: C:\BLUE_AI\installer\..\dist\BLUE_AI\_internal\tzdata\zoneinfo\Asia\Tokyo
   Compressing: C:\BLUE_AI\installer\..\dist\BLUE_AI\_internal\tzdata\zoneinfo\Asia\Tomsk
   Compressing: C:\BLUE_AI\installer\..\dist\BLUE_AI\_internal\tzdata\zoneinfo\Asia\Ujung_Pandang
   Compressing: C:\BLUE_AI\installer\..\dist\BLUE_AI\_internal\tzdata\zoneinfo\Asia\Ulaanbaatar
   Compressing: C:\BLUE_AI\installer\..\dist\BLUE_AI\_internal\tzdata\zoneinfo\Asia\Ulan_Bator
   Compressing: C:\BLUE_AI\installer\..\dist\BLUE_AI\_internal\tzdata\zoneinfo\Asia\Urumqi
   Compressing: C:\BLUE_AI\installer\..\dist\BLUE_AI\_internal\tzdata\zoneinfo\Asia\Ust-Nera
   Compressing: C:\BLUE_AI\installer\..\dist\BLUE_AI\_internal\tzdata\zoneinfo\Asia\Vientiane
   Compressing: C:\BLUE_AI\installer\..\dist\BLUE_AI\_internal\tzdata\zoneinfo\Asia\Vladivostok
   Compressing: C:\BLUE_AI\installer\..\dist\BLUE_AI\_internal\tzdata\zoneinfo\Asia\Yakutsk
   Compressing: C:\BLUE_AI\installer\..\dist\BLUE_AI\_internal\tzdata\zoneinfo\Asia\Yangon
   Compressing: C:\BLUE_AI\installer\..\dist\BLUE_AI\_internal\tzdata\zoneinfo\Asia\Yekaterinburg
   Compressing: C:\BLUE_AI\installer\..\dist\BLUE_AI\_internal\tzdata\zoneinfo\Asia\Yerevan
   Compressing: C:\BLUE_AI\installer\..\dist\BLUE_AI\_internal\tzdata\zoneinfo\Atlantic\Azores
   Compressing: C:\BLUE_AI\installer\..\dist\BLUE_AI\_internal\tzdata\zoneinfo\Atlantic\Bermuda
   Compressing: C:\BLUE_AI\installer\..\dist\BLUE_AI\_internal\tzdata\zoneinfo\Atlantic\Canary
   Compressing: C:\BLUE_AI\installer\..\dist\BLUE_AI\_internal\tzdata\zoneinfo\Atlantic\Cape_Verde
   Compressing: C:\BLUE_AI\installer\..\dist\BLUE_AI\_internal\tzdata\zoneinfo\Atlantic\Faeroe
   Compressing: C:\BLUE_AI\installer\..\dist\BLUE_AI\_internal\tzdata\zoneinfo\Atlantic\Faroe
   Compressing: C:\BLUE_AI\installer\..\dist\BLUE_AI\_internal\tzdata\zoneinfo\Atlantic\Jan_Mayen
   Compressing: C:\BLUE_AI\installer\..\dist\BLUE_AI\_internal\tzdata\zoneinfo\Atlantic\Madeira
   Compressing: C:\BLUE_AI\installer\..\dist\BLUE_AI\_internal\tzdata\zoneinfo\Atlantic\Reykjavik
   Compressing: C:\BLUE_AI\installer\..\dist\BLUE_AI\_internal\tzdata\zoneinfo\Atlantic\South_Georgia
   Compressing: C:\BLUE_AI\installer\..\dist\BLUE_AI\_internal\tzdata\zoneinfo\Atlantic\Stanley
   Compressing: C:\BLUE_AI\installer\..\dist\BLUE_AI\_internal\tzdata\zoneinfo\Atlantic\St_Helena
   Compressing: C:\BLUE_AI\installer\..\dist\BLUE_AI\_internal\tzdata\zoneinfo\Australia\ACT
   Compressing: C:\BLUE_AI\installer\..\dist\BLUE_AI\_internal\tzdata\zoneinfo\Australia\Adelaide
   Compressing: C:\BLUE_AI\installer\..\dist\BLUE_AI\_internal\tzdata\zoneinfo\Australia\Brisbane
   Compressing: C:\BLUE_AI\installer\..\dist\BLUE_AI\_internal\tzdata\zoneinfo\Australia\Broken_Hill
   Compressing: C:\BLUE_AI\installer\..\dist\BLUE_AI\_internal\tzdata\zoneinfo\Australia\Canberra
   Compressing: C:\BLUE_AI\installer\..\dist\BLUE_AI\_internal\tzdata\zoneinfo\Australia\Currie
   Compressing: C:\BLUE_AI\installer\..\dist\BLUE_AI\_internal\tzdata\zoneinfo\Australia\Darwin
   Compressing: C:\BLUE_AI\installer\..\dist\BLUE_AI\_internal\tzdata\zoneinfo\Australia\Eucla
   Compressing: C:\BLUE_AI\installer\..\dist\BLUE_AI\_internal\tzdata\zoneinfo\Australia\Hobart
   Compressing: C:\BLUE_AI\installer\..\dist\BLUE_AI\_internal\tzdata\zoneinfo\Australia\LHI
   Compressing: C:\BLUE_AI\installer\..\dist\BLUE_AI\_internal\tzdata\zoneinfo\Australia\Lindeman
   Compressing: C:\BLUE_AI\installer\..\dist\BLUE_AI\_internal\tzdata\zoneinfo\Australia\Lord_Howe
   Compressing: C:\BLUE_AI\installer\..\dist\BLUE_AI\_internal\tzdata\zoneinfo\Australia\Melbourne
   Compressing: C:\BLUE_AI\installer\..\dist\BLUE_AI\_internal\tzdata\zoneinfo\Australia\North
   Compressing: C:\BLUE_AI\installer\..\dist\BLUE_AI\_internal\tzdata\zoneinfo\Australia\NSW
   Compressing: C:\BLUE_AI\installer\..\dist\BLUE_AI\_internal\tzdata\zoneinfo\Australia\Perth
   Compressing: C:\BLUE_AI\installer\..\dist\BLUE_AI\_internal\tzdata\zoneinfo\Australia\Queensland
   Compressing: C:\BLUE_AI\installer\..\dist\BLUE_AI\_internal\tzdata\zoneinfo\Australia\South
   Compressing: C:\BLUE_AI\installer\..\dist\BLUE_AI\_internal\tzdata\zoneinfo\Australia\Sydney
   Compressing: C:\BLUE_AI\installer\..\dist\BLUE_AI\_internal\tzdata\zoneinfo\Australia\Tasmania
   Compressing: C:\BLUE_AI\installer\..\dist\BLUE_AI\_internal\tzdata\zoneinfo\Australia\Victoria
   Compressing: C:\BLUE_AI\installer\..\dist\BLUE_AI\_internal\tzdata\zoneinfo\Australia\West
   Compressing: C:\BLUE_AI\installer\..\dist\BLUE_AI\_internal\tzdata\zoneinfo\Australia\Yancowinna
   Compressing: C:\BLUE_AI\installer\..\dist\BLUE_AI\_internal\tzdata\zoneinfo\Brazil\Acre
   Compressing: C:\BLUE_AI\installer\..\dist\BLUE_AI\_internal\tzdata\zoneinfo\Brazil\DeNoronha
   Compressing: C:\BLUE_AI\installer\..\dist\BLUE_AI\_internal\tzdata\zoneinfo\Brazil\East
   Compressing: C:\BLUE_AI\installer\..\dist\BLUE_AI\_internal\tzdata\zoneinfo\Brazil\West
   Compressing: C:\BLUE_AI\installer\..\dist\BLUE_AI\_internal\tzdata\zoneinfo\Canada\Atlantic
   Compressing: C:\BLUE_AI\installer\..\dist\BLUE_AI\_internal\tzdata\zoneinfo\Canada\Central
   Compressing: C:\BLUE_AI\installer\..\dist\BLUE_AI\_internal\tzdata\zoneinfo\Canada\Eastern
   Compressing: C:\BLUE_AI\installer\..\dist\BLUE_AI\_internal\tzdata\zoneinfo\Canada\Mountain
   Compressing: C:\BLUE_AI\installer\..\dist\BLUE_AI\_internal\tzdata\zoneinfo\Canada\Newfoundland
   Compressing: C:\BLUE_AI\installer\..\dist\BLUE_AI\_internal\tzdata\zoneinfo\Canada\Pacific
   Compressing: C:\BLUE_AI\installer\..\dist\BLUE_AI\_internal\tzdata\zoneinfo\Canada\Saskatchewan
   Compressing: C:\BLUE_AI\installer\..\dist\BLUE_AI\_internal\tzdata\zoneinfo\Canada\Yukon
   Compressing: C:\BLUE_AI\installer\..\dist\BLUE_AI\_internal\tzdata\zoneinfo\Chile\Continental
   Compressing: C:\BLUE_AI\installer\..\dist\BLUE_AI\_internal\tzdata\zoneinfo\Chile\EasterIsland
   Compressing: C:\BLUE_AI\installer\..\dist\BLUE_AI\_internal\tzdata\zoneinfo\Etc\GMT
   Compressing: C:\BLUE_AI\installer\..\dist\BLUE_AI\_internal\tzdata\zoneinfo\Etc\GMT+0
   Compressing: C:\BLUE_AI\installer\..\dist\BLUE_AI\_internal\tzdata\zoneinfo\Etc\GMT+1
   Compressing: C:\BLUE_AI\installer\..\dist\BLUE_AI\_internal\tzdata\zoneinfo\Etc\GMT+10
   Compressing: C:\BLUE_AI\installer\..\dist\BLUE_AI\_internal\tzdata\zoneinfo\Etc\GMT+11
   Compressing: C:\BLUE_AI\installer\..\dist\BLUE_AI\_internal\tzdata\zoneinfo\Etc\GMT+12
   Compressing: C:\BLUE_AI\installer\..\dist\BLUE_AI\_internal\tzdata\zoneinfo\Etc\GMT+2
   Compressing: C:\BLUE_AI\installer\..\dist\BLUE_AI\_internal\tzdata\zoneinfo\Etc\GMT+3
   Compressing: C:\BLUE_AI\installer\..\dist\BLUE_AI\_internal\tzdata\zoneinfo\Etc\GMT+4
   Compressing: C:\BLUE_AI\installer\..\dist\BLUE_AI\_internal\tzdata\zoneinfo\Etc\GMT+5
   Compressing: C:\BLUE_AI\installer\..\dist\BLUE_AI\_internal\tzdata\zoneinfo\Etc\GMT+6
   Compressing: C:\BLUE_AI\installer\..\dist\BLUE_AI\_internal\tzdata\zoneinfo\Etc\GMT+7
   Compressing: C:\BLUE_AI\installer\..\dist\BLUE_AI\_internal\tzdata\zoneinfo\Etc\GMT+8
   Compressing: C:\BLUE_AI\installer\..\dist\BLUE_AI\_internal\tzdata\zoneinfo\Etc\GMT+9
   Compressing: C:\BLUE_AI\installer\..\dist\BLUE_AI\_internal\tzdata\zoneinfo\Etc\GMT-0
   Compressing: C:\BLUE_AI\installer\..\dist\BLUE_AI\_internal\tzdata\zoneinfo\Etc\GMT-1
   Compressing: C:\BLUE_AI\installer\..\dist\BLUE_AI\_internal\tzdata\zoneinfo\Etc\GMT-10
   Compressing: C:\BLUE_AI\installer\..\dist\BLUE_AI\_internal\tzdata\zoneinfo\Etc\GMT-11
   Compressing: C:\BLUE_AI\installer\..\dist\BLUE_AI\_internal\tzdata\zoneinfo\Etc\GMT-12
   Compressing: C:\BLUE_AI\installer\..\dist\BLUE_AI\_internal\tzdata\zoneinfo\Etc\GMT-13
   Compressing: C:\BLUE_AI\installer\..\dist\BLUE_AI\_internal\tzdata\zoneinfo\Etc\GMT-14
   Compressing: C:\BLUE_AI\installer\..\dist\BLUE_AI\_internal\tzdata\zoneinfo\Etc\GMT-2
   Compressing: C:\BLUE_AI\installer\..\dist\BLUE_AI\_internal\tzdata\zoneinfo\Etc\GMT-3
   Compressing: C:\BLUE_AI\installer\..\dist\BLUE_AI\_internal\tzdata\zoneinfo\Etc\GMT-4
   Compressing: C:\BLUE_AI\installer\..\dist\BLUE_AI\_internal\tzdata\zoneinfo\Etc\GMT-5
   Compressing: C:\BLUE_AI\installer\..\dist\BLUE_AI\_internal\tzdata\zoneinfo\Etc\GMT-6
   Compressing: C:\BLUE_AI\installer\..\dist\BLUE_AI\_internal\tzdata\zoneinfo\Etc\GMT-7
   Compressing: C:\BLUE_AI\installer\..\dist\BLUE_AI\_internal\tzdata\zoneinfo\Etc\GMT-8
   Compressing: C:\BLUE_AI\installer\..\dist\BLUE_AI\_internal\tzdata\zoneinfo\Etc\GMT-9
   Compressing: C:\BLUE_AI\installer\..\dist\BLUE_AI\_internal\tzdata\zoneinfo\Etc\GMT0
   Compressing: C:\BLUE_AI\installer\..\dist\BLUE_AI\_internal\tzdata\zoneinfo\Etc\Greenwich
   Compressing: C:\BLUE_AI\installer\..\dist\BLUE_AI\_internal\tzdata\zoneinfo\Etc\UCT
   Compressing: C:\BLUE_AI\installer\..\dist\BLUE_AI\_internal\tzdata\zoneinfo\Etc\Universal
   Compressing: C:\BLUE_AI\installer\..\dist\BLUE_AI\_internal\tzdata\zoneinfo\Etc\UTC
   Compressing: C:\BLUE_AI\installer\..\dist\BLUE_AI\_internal\tzdata\zoneinfo\Etc\Zulu
   Compressing: C:\BLUE_AI\installer\..\dist\BLUE_AI\_internal\tzdata\zoneinfo\Europe\Amsterdam
   Compressing: C:\BLUE_AI\installer\..\dist\BLUE_AI\_internal\tzdata\zoneinfo\Europe\Andorra
   Compressing: C:\BLUE_AI\installer\..\dist\BLUE_AI\_internal\tzdata\zoneinfo\Europe\Astrakhan
   Compressing: C:\BLUE_AI\installer\..\dist\BLUE_AI\_internal\tzdata\zoneinfo\Europe\Athens
   Compressing: C:\BLUE_AI\installer\..\dist\BLUE_AI\_internal\tzdata\zoneinfo\Europe\Belfast
   Compressing: C:\BLUE_AI\installer\..\dist\BLUE_AI\_internal\tzdata\zoneinfo\Europe\Belgrade
   Compressing: C:\BLUE_AI\installer\..\dist\BLUE_AI\_internal\tzdata\zoneinfo\Europe\Berlin
   Compressing: C:\BLUE_AI\installer\..\dist\BLUE_AI\_internal\tzdata\zoneinfo\Europe\Bratislava
   Compressing: C:\BLUE_AI\installer\..\dist\BLUE_AI\_internal\tzdata\zoneinfo\Europe\Brussels
   Compressing: C:\BLUE_AI\installer\..\dist\BLUE_AI\_internal\tzdata\zoneinfo\Europe\Bucharest
   Compressing: C:\BLUE_AI\installer\..\dist\BLUE_AI\_internal\tzdata\zoneinfo\Europe\Budapest
   Compressing: C:\BLUE_AI\installer\..\dist\BLUE_AI\_internal\tzdata\zoneinfo\Europe\Busingen
   Compressing: C:\BLUE_AI\installer\..\dist\BLUE_AI\_internal\tzdata\zoneinfo\Europe\Chisinau
   Compressing: C:\BLUE_AI\installer\..\dist\BLUE_AI\_internal\tzdata\zoneinfo\Europe\Copenhagen
   Compressing: C:\BLUE_AI\installer\..\dist\BLUE_AI\_internal\tzdata\zoneinfo\Europe\Dublin
   Compressing: C:\BLUE_AI\installer\..\dist\BLUE_AI\_internal\tzdata\zoneinfo\Europe\Gibraltar
   Compressing: C:\BLUE_AI\installer\..\dist\BLUE_AI\_internal\tzdata\zoneinfo\Europe\Guernsey
   Compressing: C:\BLUE_AI\installer\..\dist\BLUE_AI\_internal\tzdata\zoneinfo\Europe\Helsinki
   Compressing: C:\BLUE_AI\installer\..\dist\BLUE_AI\_internal\tzdata\zoneinfo\Europe\Isle_of_Man
   Compressing: C:\BLUE_AI\installer\..\dist\BLUE_AI\_internal\tzdata\zoneinfo\Europe\Istanbul
   Compressing: C:\BLUE_AI\installer\..\dist\BLUE_AI\_internal\tzdata\zoneinfo\Europe\Jersey
   Compressing: C:\BLUE_AI\installer\..\dist\BLUE_AI\_internal\tzdata\zoneinfo\Europe\Kaliningrad
   Compressing: C:\BLUE_AI\installer\..\dist\BLUE_AI\_internal\tzdata\zoneinfo\Europe\Kiev
   Compressing: C:\BLUE_AI\installer\..\dist\BLUE_AI\_internal\tzdata\zoneinfo\Europe\Kirov
   Compressing: C:\BLUE_AI\installer\..\dist\BLUE_AI\_internal\tzdata\zoneinfo\Europe\Kyiv
   Compressing: C:\BLUE_AI\installer\..\dist\BLUE_AI\_internal\tzdata\zoneinfo\Europe\Lisbon
   Compressing: C:\BLUE_AI\installer\..\dist\BLUE_AI\_internal\tzdata\zoneinfo\Europe\Ljubljana
   Compressing: C:\BLUE_AI\installer\..\dist\BLUE_AI\_internal\tzdata\zoneinfo\Europe\London
   Compressing: C:\BLUE_AI\installer\..\dist\BLUE_AI\_internal\tzdata\zoneinfo\Europe\Luxembourg
   Compressing: C:\BLUE_AI\installer\..\dist\BLUE_AI\_internal\tzdata\zoneinfo\Europe\Madrid
   Compressing: C:\BLUE_AI\installer\..\dist\BLUE_AI\_internal\tzdata\zoneinfo\Europe\Malta
   Compressing: C:\BLUE_AI\installer\..\dist\BLUE_AI\_internal\tzdata\zoneinfo\Europe\Mariehamn
   Compressing: C:\BLUE_AI\installer\..\dist\BLUE_AI\_internal\tzdata\zoneinfo\Europe\Minsk
   Compressing: C:\BLUE_AI\installer\..\dist\BLUE_AI\_internal\tzdata\zoneinfo\Europe\Monaco
   Compressing: C:\BLUE_AI\installer\..\dist\BLUE_AI\_internal\tzdata\zoneinfo\Europe\Moscow
   Compressing: C:\BLUE_AI\installer\..\dist\BLUE_AI\_internal\tzdata\zoneinfo\Europe\Nicosia
   Compressing: C:\BLUE_AI\installer\..\dist\BLUE_AI\_internal\tzdata\zoneinfo\Europe\Oslo
   Compressing: C:\BLUE_AI\installer\..\dist\BLUE_AI\_internal\tzdata\zoneinfo\Europe\Paris
   Compressing: C:\BLUE_AI\installer\..\dist\BLUE_AI\_internal\tzdata\zoneinfo\Europe\Podgorica
   Compressing: C:\BLUE_AI\installer\..\dist\BLUE_AI\_internal\tzdata\zoneinfo\Europe\Prague
   Compressing: C:\BLUE_AI\installer\..\dist\BLUE_AI\_internal\tzdata\zoneinfo\Europe\Riga
   Compressing: C:\BLUE_AI\installer\..\dist\BLUE_AI\_internal\tzdata\zoneinfo\Europe\Rome
   Compressing: C:\BLUE_AI\installer\..\dist\BLUE_AI\_internal\tzdata\zoneinfo\Europe\Samara
   Compressing: C:\BLUE_AI\installer\..\dist\BLUE_AI\_internal\tzdata\zoneinfo\Europe\San_Marino
   Compressing: C:\BLUE_AI\installer\..\dist\BLUE_AI\_internal\tzdata\zoneinfo\Europe\Sarajevo
   Compressing: C:\BLUE_AI\installer\..\dist\BLUE_AI\_internal\tzdata\zoneinfo\Europe\Saratov
   Compressing: C:\BLUE_AI\installer\..\dist\BLUE_AI\_internal\tzdata\zoneinfo\Europe\Simferopol
   Compressing: C:\BLUE_AI\installer\..\dist\BLUE_AI\_internal\tzdata\zoneinfo\Europe\Skopje
   Compressing: C:\BLUE_AI\installer\..\dist\BLUE_AI\_internal\tzdata\zoneinfo\Europe\Sofia
   Compressing: C:\BLUE_AI\installer\..\dist\BLUE_AI\_internal\tzdata\zoneinfo\Europe\Stockholm
   Compressing: C:\BLUE_AI\installer\..\dist\BLUE_AI\_internal\tzdata\zoneinfo\Europe\Tallinn
   Compressing: C:\BLUE_AI\installer\..\dist\BLUE_AI\_internal\tzdata\zoneinfo\Europe\Tirane
   Compressing: C:\BLUE_AI\installer\..\dist\BLUE_AI\_internal\tzdata\zoneinfo\Europe\Tiraspol
   Compressing: C:\BLUE_AI\installer\..\dist\BLUE_AI\_internal\tzdata\zoneinfo\Europe\Ulyanovsk
   Compressing: C:\BLUE_AI\installer\..\dist\BLUE_AI\_internal\tzdata\zoneinfo\Europe\Uzhgorod
   Compressing: C:\BLUE_AI\installer\..\dist\BLUE_AI\_internal\tzdata\zoneinfo\Europe\Vaduz
   Compressing: C:\BLUE_AI\installer\..\dist\BLUE_AI\_internal\tzdata\zoneinfo\Europe\Vatican
   Compressing: C:\BLUE_AI\installer\..\dist\BLUE_AI\_internal\tzdata\zoneinfo\Europe\Vienna
   Compressing: C:\BLUE_AI\installer\..\dist\BLUE_AI\_internal\tzdata\zoneinfo\Europe\Vilnius
   Compressing: C:\BLUE_AI\installer\..\dist\BLUE_AI\_internal\tzdata\zoneinfo\Europe\Volgograd
   Compressing: C:\BLUE_AI\installer\..\dist\BLUE_AI\_internal\tzdata\zoneinfo\Europe\Warsaw
   Compressing: C:\BLUE_AI\installer\..\dist\BLUE_AI\_internal\tzdata\zoneinfo\Europe\Zagreb
   Compressing: C:\BLUE_AI\installer\..\dist\BLUE_AI\_internal\tzdata\zoneinfo\Europe\Zaporozhye
   Compressing: C:\BLUE_AI\installer\..\dist\BLUE_AI\_internal\tzdata\zoneinfo\Europe\Zurich
   Compressing: C:\BLUE_AI\installer\..\dist\BLUE_AI\_internal\tzdata\zoneinfo\Indian\Antananarivo
   Compressing: C:\BLUE_AI\installer\..\dist\BLUE_AI\_internal\tzdata\zoneinfo\Indian\Chagos
   Compressing: C:\BLUE_AI\installer\..\dist\BLUE_AI\_internal\tzdata\zoneinfo\Indian\Christmas
   Compressing: C:\BLUE_AI\installer\..\dist\BLUE_AI\_internal\tzdata\zoneinfo\Indian\Cocos
   Compressing: C:\BLUE_AI\installer\..\dist\BLUE_AI\_internal\tzdata\zoneinfo\Indian\Comoro
   Compressing: C:\BLUE_AI\installer\..\dist\BLUE_AI\_internal\tzdata\zoneinfo\Indian\Kerguelen
   Compressing: C:\BLUE_AI\installer\..\dist\BLUE_AI\_internal\tzdata\zoneinfo\Indian\Mahe
   Compressing: C:\BLUE_AI\installer\..\dist\BLUE_AI\_internal\tzdata\zoneinfo\Indian\Maldives
   Compressing: C:\BLUE_AI\installer\..\dist\BLUE_AI\_internal\tzdata\zoneinfo\Indian\Mauritius
   Compressing: C:\BLUE_AI\installer\..\dist\BLUE_AI\_internal\tzdata\zoneinfo\Indian\Mayotte
   Compressing: C:\BLUE_AI\installer\..\dist\BLUE_AI\_internal\tzdata\zoneinfo\Indian\Reunion
   Compressing: C:\BLUE_AI\installer\..\dist\BLUE_AI\_internal\tzdata\zoneinfo\Mexico\BajaNorte
   Compressing: C:\BLUE_AI\installer\..\dist\BLUE_AI\_internal\tzdata\zoneinfo\Mexico\BajaSur
   Compressing: C:\BLUE_AI\installer\..\dist\BLUE_AI\_internal\tzdata\zoneinfo\Mexico\General
   Compressing: C:\BLUE_AI\installer\..\dist\BLUE_AI\_internal\tzdata\zoneinfo\Pacific\Apia
   Compressing: C:\BLUE_AI\installer\..\dist\BLUE_AI\_internal\tzdata\zoneinfo\Pacific\Auckland
   Compressing: C:\BLUE_AI\installer\..\dist\BLUE_AI\_internal\tzdata\zoneinfo\Pacific\Bougainville
   Compressing: C:\BLUE_AI\installer\..\dist\BLUE_AI\_internal\tzdata\zoneinfo\Pacific\Chatham
   Compressing: C:\BLUE_AI\installer\..\dist\BLUE_AI\_internal\tzdata\zoneinfo\Pacific\Chuuk
   Compressing: C:\BLUE_AI\installer\..\dist\BLUE_AI\_internal\tzdata\zoneinfo\Pacific\Easter
   Compressing: C:\BLUE_AI\installer\..\dist\BLUE_AI\_internal\tzdata\zoneinfo\Pacific\Efate
   Compressing: C:\BLUE_AI\installer\..\dist\BLUE_AI\_internal\tzdata\zoneinfo\Pacific\Enderbury
   Compressing: C:\BLUE_AI\installer\..\dist\BLUE_AI\_internal\tzdata\zoneinfo\Pacific\Fakaofo
   Compressing: C:\BLUE_AI\installer\..\dist\BLUE_AI\_internal\tzdata\zoneinfo\Pacific\Fiji
   Compressing: C:\BLUE_AI\installer\..\dist\BLUE_AI\_internal\tzdata\zoneinfo\Pacific\Funafuti
   Compressing: C:\BLUE_AI\installer\..\dist\BLUE_AI\_internal\tzdata\zoneinfo\Pacific\Galapagos
   Compressing: C:\BLUE_AI\installer\..\dist\BLUE_AI\_internal\tzdata\zoneinfo\Pacific\Gambier
   Compressing: C:\BLUE_AI\installer\..\dist\BLUE_AI\_internal\tzdata\zoneinfo\Pacific\Guadalcanal
   Compressing: C:\BLUE_AI\installer\..\dist\BLUE_AI\_internal\tzdata\zoneinfo\Pacific\Guam
   Compressing: C:\BLUE_AI\installer\..\dist\BLUE_AI\_internal\tzdata\zoneinfo\Pacific\Honolulu
   Compressing: C:\BLUE_AI\installer\..\dist\BLUE_AI\_internal\tzdata\zoneinfo\Pacific\Johnston
   Compressing: C:\BLUE_AI\installer\..\dist\BLUE_AI\_internal\tzdata\zoneinfo\Pacific\Kanton
   Compressing: C:\BLUE_AI\installer\..\dist\BLUE_AI\_internal\tzdata\zoneinfo\Pacific\Kiritimati
   Compressing: C:\BLUE_AI\installer\..\dist\BLUE_AI\_internal\tzdata\zoneinfo\Pacific\Kosrae
   Compressing: C:\BLUE_AI\installer\..\dist\BLUE_AI\_internal\tzdata\zoneinfo\Pacific\Kwajalein
   Compressing: C:\BLUE_AI\installer\..\dist\BLUE_AI\_internal\tzdata\zoneinfo\Pacific\Majuro
   Compressing: C:\BLUE_AI\installer\..\dist\BLUE_AI\_internal\tzdata\zoneinfo\Pacific\Marquesas
   Compressing: C:\BLUE_AI\installer\..\dist\BLUE_AI\_internal\tzdata\zoneinfo\Pacific\Midway
   Compressing: C:\BLUE_AI\installer\..\dist\BLUE_AI\_internal\tzdata\zoneinfo\Pacific\Nauru
   Compressing: C:\BLUE_AI\installer\..\dist\BLUE_AI\_internal\tzdata\zoneinfo\Pacific\Niue
   Compressing: C:\BLUE_AI\installer\..\dist\BLUE_AI\_internal\tzdata\zoneinfo\Pacific\Norfolk
   Compressing: C:\BLUE_AI\installer\..\dist\BLUE_AI\_internal\tzdata\zoneinfo\Pacific\Noumea
   Compressing: C:\BLUE_AI\installer\..\dist\BLUE_AI\_internal\tzdata\zoneinfo\Pacific\Pago_Pago
   Compressing: C:\BLUE_AI\installer\..\dist\BLUE_AI\_internal\tzdata\zoneinfo\Pacific\Palau
   Compressing: C:\BLUE_AI\installer\..\dist\BLUE_AI\_internal\tzdata\zoneinfo\Pacific\Pitcairn
   Compressing: C:\BLUE_AI\installer\..\dist\BLUE_AI\_internal\tzdata\zoneinfo\Pacific\Pohnpei
   Compressing: C:\BLUE_AI\installer\..\dist\BLUE_AI\_internal\tzdata\zoneinfo\Pacific\Ponape
   Compressing: C:\BLUE_AI\installer\..\dist\BLUE_AI\_internal\tzdata\zoneinfo\Pacific\Port_Moresby
   Compressing: C:\BLUE_AI\installer\..\dist\BLUE_AI\_internal\tzdata\zoneinfo\Pacific\Rarotonga
   Compressing: C:\BLUE_AI\installer\..\dist\BLUE_AI\_internal\tzdata\zoneinfo\Pacific\Saipan
   Compressing: C:\BLUE_AI\installer\..\dist\BLUE_AI\_internal\tzdata\zoneinfo\Pacific\Samoa
   Compressing: C:\BLUE_AI\installer\..\dist\BLUE_AI\_internal\tzdata\zoneinfo\Pacific\Tahiti
   Compressing: C:\BLUE_AI\installer\..\dist\BLUE_AI\_internal\tzdata\zoneinfo\Pacific\Tarawa
   Compressing: C:\BLUE_AI\installer\..\dist\BLUE_AI\_internal\tzdata\zoneinfo\Pacific\Tongatapu
   Compressing: C:\BLUE_AI\installer\..\dist\BLUE_AI\_internal\tzdata\zoneinfo\Pacific\Truk
   Compressing: C:\BLUE_AI\installer\..\dist\BLUE_AI\_internal\tzdata\zoneinfo\Pacific\Wake
   Compressing: C:\BLUE_AI\installer\..\dist\BLUE_AI\_internal\tzdata\zoneinfo\Pacific\Wallis
   Compressing: C:\BLUE_AI\installer\..\dist\BLUE_AI\_internal\tzdata\zoneinfo\Pacific\Yap
   Compressing: C:\BLUE_AI\installer\..\dist\BLUE_AI\_internal\tzdata\zoneinfo\US\Alaska
   Compressing: C:\BLUE_AI\installer\..\dist\BLUE_AI\_internal\tzdata\zoneinfo\US\Aleutian
   Compressing: C:\BLUE_AI\installer\..\dist\BLUE_AI\_internal\tzdata\zoneinfo\US\Arizona
   Compressing: C:\BLUE_AI\installer\..\dist\BLUE_AI\_internal\tzdata\zoneinfo\US\Central
   Compressing: C:\BLUE_AI\installer\..\dist\BLUE_AI\_internal\tzdata\zoneinfo\US\East-Indiana
   Compressing: C:\BLUE_AI\installer\..\dist\BLUE_AI\_internal\tzdata\zoneinfo\US\Eastern
   Compressing: C:\BLUE_AI\installer\..\dist\BLUE_AI\_internal\tzdata\zoneinfo\US\Hawaii
   Compressing: C:\BLUE_AI\installer\..\dist\BLUE_AI\_internal\tzdata\zoneinfo\US\Indiana-Starke
   Compressing: C:\BLUE_AI\installer\..\dist\BLUE_AI\_internal\tzdata\zoneinfo\US\Michigan
   Compressing: C:\BLUE_AI\installer\..\dist\BLUE_AI\_internal\tzdata\zoneinfo\US\Mountain
   Compressing: C:\BLUE_AI\installer\..\dist\BLUE_AI\_internal\tzdata\zoneinfo\US\Pacific
   Compressing: C:\BLUE_AI\installer\..\dist\BLUE_AI\_internal\tzdata\zoneinfo\US\Samoa
   Compressing: C:\BLUE_AI\installer\..\dist\BLUE_AI\_internal\vosk\libgcc_s_seh-1.dll
   Compressing: C:\BLUE_AI\installer\..\dist\BLUE_AI\_internal\vosk\libstdc++-6.dll
   Compressing: C:\BLUE_AI\installer\..\dist\BLUE_AI\_internal\vosk\libvosk.dll
   Compressing: C:\BLUE_AI\installer\..\dist\BLUE_AI\_internal\vosk\libwinpthread-1.dll
   Compressing: C:\BLUE_AI\installer\..\dist\BLUE_AI\_internal\vosk\vosk_cffi.py
   Compressing: C:\BLUE_AI\installer\..\dist\BLUE_AI\_internal\vosk\__init__.py
   Compressing: C:\BLUE_AI\installer\..\dist\BLUE_AI\_internal\vosk\transcriber\cli.py
   Compressing: C:\BLUE_AI\installer\..\dist\BLUE_AI\_internal\vosk\transcriber\transcriber.py
   Compressing: C:\BLUE_AI\installer\..\dist\BLUE_AI\_internal\vosk\transcriber\__init__.py
   Compressing: C:\BLUE_AI\installer\..\dist\BLUE_AI\_internal\vosk\transcriber\__pycache__\cli.cpython-312.pyc
   Compressing: C:\BLUE_AI\installer\..\dist\BLUE_AI\_internal\vosk\transcriber\__pycache__\transcriber.cpython-312.pyc
   Compressing: C:\BLUE_AI\installer\..\dist\BLUE_AI\_internal\vosk\transcriber\__pycache__\__init__.cpython-312.pyc
   Compressing: C:\BLUE_AI\installer\..\dist\BLUE_AI\_internal\vosk\__pycache__\vosk_cffi.cpython-312.pyc
   Compressing: C:\BLUE_AI\installer\..\dist\BLUE_AI\_internal\vosk\__pycache__\__init__.cpython-312.pyc
   Compressing: C:\BLUE_AI\installer\..\dist\BLUE_AI\_internal\webview\js\api.js
   Compressing: C:\BLUE_AI\installer\..\dist\BLUE_AI\_internal\webview\js\customize.js
   Compressing: C:\BLUE_AI\installer\..\dist\BLUE_AI\_internal\webview\js\finish.js
   Compressing: C:\BLUE_AI\installer\..\dist\BLUE_AI\_internal\webview\js\state.js
   Compressing: C:\BLUE_AI\installer\..\dist\BLUE_AI\_internal\webview\js\lib\dom_json.js
   Compressing: C:\BLUE_AI\installer\..\dist\BLUE_AI\_internal\webview\js\lib\polyfill.js
   Compressing: C:\BLUE_AI\installer\..\dist\BLUE_AI\_internal\webview\lib\Microsoft.Web.WebView2.Core.dll
   Compressing: C:\BLUE_AI\installer\..\dist\BLUE_AI\_internal\webview\lib\Microsoft.Web.WebView2.WinForms.dll
   Compressing: C:\BLUE_AI\installer\..\dist\BLUE_AI\_internal\webview\lib\pywebview-android.jar
   Compressing: C:\BLUE_AI\installer\..\dist\BLUE_AI\_internal\webview\lib\WebBrowserInterop.x64.dll
   Compressing: C:\BLUE_AI\installer\..\dist\BLUE_AI\_internal\webview\lib\WebBrowserInterop.x86.dll
   Compressing: C:\BLUE_AI\installer\..\dist\BLUE_AI\_internal\webview\lib\runtimes\win-arm64\native\WebView2Loader.dll
   Compressing: C:\BLUE_AI\installer\..\dist\BLUE_AI\_internal\webview\lib\runtimes\win-x64\native\WebView2Loader.dll
   Compressing: C:\BLUE_AI\installer\..\dist\BLUE_AI\_internal\webview\lib\runtimes\win-x86\native\WebView2Loader.dll
   Compressing: C:\BLUE_AI\installer\..\dist\BLUE_AI\_internal\win32\win32api.pyd
   Compressing: C:\BLUE_AI\installer\..\dist\BLUE_AI\_internal\win32\win32clipboard.pyd
   Compressing: C:\BLUE_AI\installer\..\dist\BLUE_AI\_internal\win32\win32event.pyd
   Compressing: C:\BLUE_AI\installer\..\dist\BLUE_AI\_internal\win32\win32gui.pyd
   Compressing: C:\BLUE_AI\installer\..\dist\BLUE_AI\_internal\win32\win32pdh.pyd
   Compressing: C:\BLUE_AI\installer\..\dist\BLUE_AI\_internal\win32\win32process.pyd
   Compressing: C:\BLUE_AI\installer\..\dist\BLUE_AI\_internal\win32\win32trace.pyd
   Compressing: C:\BLUE_AI\installer\..\dist\BLUE_AI\_internal\win32\_win32sysloader.pyd
   Compressing: C:\BLUE_AI\installer\..\dist\BLUE_AI\_internal\winsdk\py.typed
   Compressing: C:\BLUE_AI\installer\..\dist\BLUE_AI\_internal\winsdk\_winrt.pyd
   Compressing: C:\BLUE_AI\installer\..\dist\BLUE_AI\_internal\winsdk\_winrt.pyi
   Compressing: C:\BLUE_AI\installer\..\dist\BLUE_AI\_internal\winsdk\system\__init__.py
   Compressing: C:\BLUE_AI\installer\..\dist\BLUE_AI\_internal\winsdk\windows\ai\machinelearning\__init__.py
   Compressing: C:\BLUE_AI\installer\..\dist\BLUE_AI\_internal\winsdk\windows\ai\machinelearning\__init__.pyi
   Compressing: C:\BLUE_AI\installer\..\dist\BLUE_AI\_internal\winsdk\windows\ai\machinelearning\preview\__init__.py
   Compressing: C:\BLUE_AI\installer\..\dist\BLUE_AI\_internal\winsdk\windows\ai\machinelearning\preview\__init__.pyi
   Compressing: C:\BLUE_AI\installer\..\dist\BLUE_AI\_internal\winsdk\windows\applicationmodel\__init__.py
   Compressing: C:\BLUE_AI\installer\..\dist\BLUE_AI\_internal\winsdk\windows\applicationmodel\__init__.pyi
   Compressing: C:\BLUE_AI\installer\..\dist\BLUE_AI\_internal\winsdk\windows\applicationmodel\activation\__init__.py
   Compressing: C:\BLUE_AI\installer\..\dist\BLUE_AI\_internal\winsdk\windows\applicationmodel\activation\__init__.pyi
   Compressing: C:\BLUE_AI\installer\..\dist\BLUE_AI\_internal\winsdk\windows\applicationmodel\appextensions\__init__.py
   Compressing: C:\BLUE_AI\installer\..\dist\BLUE_AI\_internal\winsdk\windows\applicationmodel\appextensions\__init__.pyi
   Compressing: C:\BLUE_AI\installer\..\dist\BLUE_AI\_internal\winsdk\windows\applicationmodel\appointments\__init__.py
   Compressing: C:\BLUE_AI\installer\..\dist\BLUE_AI\_internal\winsdk\windows\applicationmodel\appointments\__init__.pyi
   Compressing: C:\BLUE_AI\installer\..\dist\BLUE_AI\_internal\winsdk\windows\applicationmodel\appointments\appointmentsprovider\__init__.py
   Compressing: C:\BLUE_AI\installer\..\dist\BLUE_AI\_internal\winsdk\windows\applicationmodel\appointments\appointmentsprovider\__init__.pyi
   Compressing: C:\BLUE_AI\installer\..\dist\BLUE_AI\_internal\winsdk\windows\applicationmodel\appointments\dataprovider\__init__.py
   Compressing: C:\BLUE_AI\installer\..\dist\BLUE_AI\_internal\winsdk\windows\applicationmodel\appointments\dataprovider\__init__.pyi
   Compressing: C:\BLUE_AI\installer\..\dist\BLUE_AI\_internal\winsdk\windows\applicationmodel\appservice\__init__.py
   Compressing: C:\BLUE_AI\installer\..\dist\BLUE_AI\_internal\winsdk\windows\applicationmodel\appservice\__init__.pyi
   Compressing: C:\BLUE_AI\installer\..\dist\BLUE_AI\_internal\winsdk\windows\applicationmodel\background\__init__.py
   Compressing: C:\BLUE_AI\installer\..\dist\BLUE_AI\_internal\winsdk\windows\applicationmodel\background\__init__.pyi
   Compressing: C:\BLUE_AI\installer\..\dist\BLUE_AI\_internal\winsdk\windows\applicationmodel\calls\__init__.py
   Compressing: C:\BLUE_AI\installer\..\dist\BLUE_AI\_internal\winsdk\windows\applicationmodel\calls\__init__.pyi
   Compressing: C:\BLUE_AI\installer\..\dist\BLUE_AI\_internal\winsdk\windows\applicationmodel\calls\background\__init__.py
   Compressing: C:\BLUE_AI\installer\..\dist\BLUE_AI\_internal\winsdk\windows\applicationmodel\calls\background\__init__.pyi
   Compressing: C:\BLUE_AI\installer\..\dist\BLUE_AI\_internal\winsdk\windows\applicationmodel\calls\provider\__init__.py
   Compressing: C:\BLUE_AI\installer\..\dist\BLUE_AI\_internal\winsdk\windows\applicationmodel\calls\provider\__init__.pyi
   Compressing: C:\BLUE_AI\installer\..\dist\BLUE_AI\_internal\winsdk\windows\applicationmodel\chat\__init__.py
   Compressing: C:\BLUE_AI\installer\..\dist\BLUE_AI\_internal\winsdk\windows\applicationmodel\chat\__init__.pyi
   Compressing: C:\BLUE_AI\installer\..\dist\BLUE_AI\_internal\winsdk\windows\applicationmodel\communicationblocking\__init__.py
   Compressing: C:\BLUE_AI\installer\..\dist\BLUE_AI\_internal\winsdk\windows\applicationmodel\communicationblocking\__init__.pyi
   Compressing: C:\BLUE_AI\installer\..\dist\BLUE_AI\_internal\winsdk\windows\applicationmodel\contacts\__init__.py
   Compressing: C:\BLUE_AI\installer\..\dist\BLUE_AI\_internal\winsdk\windows\applicationmodel\contacts\__init__.pyi
   Compressing: C:\BLUE_AI\installer\..\dist\BLUE_AI\_internal\winsdk\windows\applicationmodel\contacts\dataprovider\__init__.py
   Compressing: C:\BLUE_AI\installer\..\dist\BLUE_AI\_internal\winsdk\windows\applicationmodel\contacts\dataprovider\__init__.pyi
   Compressing: C:\BLUE_AI\installer\..\dist\BLUE_AI\_internal\winsdk\windows\applicationmodel\contacts\provider\__init__.py
   Compressing: C:\BLUE_AI\installer\..\dist\BLUE_AI\_internal\winsdk\windows\applicationmodel\contacts\provider\__init__.pyi
   Compressing: C:\BLUE_AI\installer\..\dist\BLUE_AI\_internal\winsdk\windows\applicationmodel\conversationalagent\__init__.py
   Compressing: C:\BLUE_AI\installer\..\dist\BLUE_AI\_internal\winsdk\windows\applicationmodel\conversationalagent\__init__.pyi
   Compressing: C:\BLUE_AI\installer\..\dist\BLUE_AI\_internal\winsdk\windows\applicationmodel\core\__init__.py
   Compressing: C:\BLUE_AI\installer\..\dist\BLUE_AI\_internal\winsdk\windows\applicationmodel\core\__init__.pyi
   Compressing: C:\BLUE_AI\installer\..\dist\BLUE_AI\_internal\winsdk\windows\applicationmodel\datatransfer\__init__.py
   Compressing: C:\BLUE_AI\installer\..\dist\BLUE_AI\_internal\winsdk\windows\applicationmodel\datatransfer\__init__.pyi
   Compressing: C:\BLUE_AI\installer\..\dist\BLUE_AI\_internal\winsdk\windows\applicationmodel\datatransfer\dragdrop\__init__.py
   Compressing: C:\BLUE_AI\installer\..\dist\BLUE_AI\_internal\winsdk\windows\applicationmodel\datatransfer\dragdrop\__init__.pyi
   Compressing: C:\BLUE_AI\installer\..\dist\BLUE_AI\_internal\winsdk\windows\applicationmodel\datatransfer\dragdrop\core\__init__.py
   Compressing: C:\BLUE_AI\installer\..\dist\BLUE_AI\_internal\winsdk\windows\applicationmodel\datatransfer\sharetarget\__init__.py
   Compressing: C:\BLUE_AI\installer\..\dist\BLUE_AI\_internal\winsdk\windows\applicationmodel\datatransfer\sharetarget\__init__.pyi
   Compressing: C:\BLUE_AI\installer\..\dist\BLUE_AI\_internal\winsdk\windows\applicationmodel\email\__init__.py
   Compressing: C:\BLUE_AI\installer\..\dist\BLUE_AI\_internal\winsdk\windows\applicationmodel\email\__init__.pyi
   Compressing: C:\BLUE_AI\installer\..\dist\BLUE_AI\_internal\winsdk\windows\applicationmodel\email\dataprovider\__init__.py
   Compressing: C:\BLUE_AI\installer\..\dist\BLUE_AI\_internal\winsdk\windows\applicationmodel\email\dataprovider\__init__.pyi
   Compressing: C:\BLUE_AI\installer\..\dist\BLUE_AI\_internal\winsdk\windows\applicationmodel\extendedexecution\__init__.py
   Compressing: C:\BLUE_AI\installer\..\dist\BLUE_AI\_internal\winsdk\windows\applicationmodel\extendedexecution\__init__.pyi
   Compressing: C:\BLUE_AI\installer\..\dist\BLUE_AI\_internal\winsdk\windows\applicationmodel\extendedexecution\foreground\__init__.py
   Compressing: C:\BLUE_AI\installer\..\dist\BLUE_AI\_internal\winsdk\windows\applicationmodel\extendedexecution\foreground\__init__.pyi
   Compressing: C:\BLUE_AI\installer\..\dist\BLUE_AI\_internal\winsdk\windows\applicationmodel\holographic\__init__.py
   Compressing: C:\BLUE_AI\installer\..\dist\BLUE_AI\_internal\winsdk\windows\applicationmodel\holographic\__init__.pyi
   Compressing: C:\BLUE_AI\installer\..\dist\BLUE_AI\_internal\winsdk\windows\applicationmodel\lockscreen\__init__.py
   Compressing: C:\BLUE_AI\installer\..\dist\BLUE_AI\_internal\winsdk\windows\applicationmodel\lockscreen\__init__.pyi
   Compressing: C:\BLUE_AI\installer\..\dist\BLUE_AI\_internal\winsdk\windows\applicationmodel\payments\__init__.py
   Compressing: C:\BLUE_AI\installer\..\dist\BLUE_AI\_internal\winsdk\windows\applicationmodel\payments\__init__.pyi
   Compressing: C:\BLUE_AI\installer\..\dist\BLUE_AI\_internal\winsdk\windows\applicationmodel\payments\provider\__init__.py
   Compressing: C:\BLUE_AI\installer\..\dist\BLUE_AI\_internal\winsdk\windows\applicationmodel\payments\provider\__init__.pyi
   Compressing: C:\BLUE_AI\installer\..\dist\BLUE_AI\_internal\winsdk\windows\applicationmodel\preview\holographic\__init__.py
   Compressing: C:\BLUE_AI\installer\..\dist\BLUE_AI\_internal\winsdk\windows\applicationmodel\preview\holographic\__init__.pyi
   Compressing: C:\BLUE_AI\installer\..\dist\BLUE_AI\_internal\winsdk\windows\applicationmodel\preview\inkworkspace\__init__.py
   Compressing: C:\BLUE_AI\installer\..\dist\BLUE_AI\_internal\winsdk\windows\applicationmodel\preview\inkworkspace\__init__.pyi
   Compressing: C:\BLUE_AI\installer\..\dist\BLUE_AI\_internal\winsdk\windows\applicationmodel\preview\notes\__init__.py
   Compressing: C:\BLUE_AI\installer\..\dist\BLUE_AI\_internal\winsdk\windows\applicationmodel\preview\notes\__init__.pyi
   Compressing: C:\BLUE_AI\installer\..\dist\BLUE_AI\_internal\winsdk\windows\applicationmodel\resources\__init__.py
   Compressing: C:\BLUE_AI\installer\..\dist\BLUE_AI\_internal\winsdk\windows\applicationmodel\resources\__init__.pyi
   Compressing: C:\BLUE_AI\installer\..\dist\BLUE_AI\_internal\winsdk\windows\applicationmodel\resources\core\__init__.py
   Compressing: C:\BLUE_AI\installer\..\dist\BLUE_AI\_internal\winsdk\windows\applicationmodel\resources\core\__init__.pyi
   Compressing: C:\BLUE_AI\installer\..\dist\BLUE_AI\_internal\winsdk\windows\applicationmodel\resources\management\__init__.py
   Compressing: C:\BLUE_AI\installer\..\dist\BLUE_AI\_internal\winsdk\windows\applicationmodel\resources\management\__init__.pyi
   Compressing: C:\BLUE_AI\installer\..\dist\BLUE_AI\_internal\winsdk\windows\applicationmodel\search\__init__.py
   Compressing: C:\BLUE_AI\installer\..\dist\BLUE_AI\_internal\winsdk\windows\applicationmodel\search\__init__.pyi
   Compressing: C:\BLUE_AI\installer\..\dist\BLUE_AI\_internal\winsdk\windows\applicationmodel\search\core\__init__.py
   Compressing: C:\BLUE_AI\installer\..\dist\BLUE_AI\_internal\winsdk\windows\applicationmodel\search\core\__init__.pyi
   Compressing: C:\BLUE_AI\installer\..\dist\BLUE_AI\_internal\winsdk\windows\applicationmodel\socialinfo\__init__.py
   Compressing: C:\BLUE_AI\installer\..\dist\BLUE_AI\_internal\winsdk\windows\applicationmodel\socialinfo\__init__.pyi
   Compressing: C:\BLUE_AI\installer\..\dist\BLUE_AI\_internal\winsdk\windows\applicationmodel\socialinfo\provider\__init__.py
   Compressing: C:\BLUE_AI\installer\..\dist\BLUE_AI\_internal\winsdk\windows\applicationmodel\socialinfo\provider\__init__.pyi
   Compressing: C:\BLUE_AI\installer\..\dist\BLUE_AI\_internal\winsdk\windows\applicationmodel\store\__init__.py
   Compressing: C:\BLUE_AI\installer\..\dist\BLUE_AI\_internal\winsdk\windows\applicationmodel\store\__init__.pyi
   Compressing: C:\BLUE_AI\installer\..\dist\BLUE_AI\_internal\winsdk\windows\applicationmodel\store\licensemanagement\__init__.py
   Compressing: C:\BLUE_AI\installer\..\dist\BLUE_AI\_internal\winsdk\windows\applicationmodel\store\licensemanagement\__init__.pyi
   Compressing: C:\BLUE_AI\installer\..\dist\BLUE_AI\_internal\winsdk\windows\applicationmodel\store\preview\__init__.py
   Compressing: C:\BLUE_AI\installer\..\dist\BLUE_AI\_internal\winsdk\windows\applicationmodel\store\preview\__init__.pyi
   Compressing: C:\BLUE_AI\installer\..\dist\BLUE_AI\_internal\winsdk\windows\applicationmodel\store\preview\installcontrol\__init__.py
   Compressing: C:\BLUE_AI\installer\..\dist\BLUE_AI\_internal\winsdk\windows\applicationmodel\useractivities\__init__.py
   Compressing: C:\BLUE_AI\installer\..\dist\BLUE_AI\_internal\winsdk\windows\applicationmodel\useractivities\__init__.pyi
   Compressing: C:\BLUE_AI\installer\..\dist\BLUE_AI\_internal\winsdk\windows\applicationmodel\useractivities\core\__init__.py
   Compressing: C:\BLUE_AI\installer\..\dist\BLUE_AI\_internal\winsdk\windows\applicationmodel\useractivities\core\__init__.pyi
   Compressing: C:\BLUE_AI\installer\..\dist\BLUE_AI\_internal\winsdk\windows\applicationmodel\userdataaccounts\__init__.py
   Compressing: C:\BLUE_AI\installer\..\dist\BLUE_AI\_internal\winsdk\windows\applicationmodel\userdataaccounts\__init__.pyi
   Compressing: C:\BLUE_AI\installer\..\dist\BLUE_AI\_internal\winsdk\windows\applicationmodel\userdataaccounts\provider\__init__.py
   Compressing: C:\BLUE_AI\installer\..\dist\BLUE_AI\_internal\winsdk\windows\applicationmodel\userdataaccounts\provider\__init__.pyi
   Compressing: C:\BLUE_AI\installer\..\dist\BLUE_AI\_internal\winsdk\windows\applicationmodel\userdataaccounts\systemaccess\__init__.py
   Compressing: C:\BLUE_AI\installer\..\dist\BLUE_AI\_internal\winsdk\windows\applicationmodel\userdataaccounts\systemaccess\__init__.pyi
   Compressing: C:\BLUE_AI\installer\..\dist\BLUE_AI\_internal\winsdk\windows\applicationmodel\userdatatasks\__init__.py
   Compressing: C:\BLUE_AI\installer\..\dist\BLUE_AI\_internal\winsdk\windows\applicationmodel\userdatatasks\__init__.pyi
   Compressing: C:\BLUE_AI\installer\..\dist\BLUE_AI\_internal\winsdk\windows\applicationmodel\userdatatasks\dataprovider\__init__.py
   Compressing: C:\BLUE_AI\installer\..\dist\BLUE_AI\_internal\winsdk\windows\applicationmodel\userdatatasks\dataprovider\__init__.pyi
   Compressing: C:\BLUE_AI\installer\..\dist\BLUE_AI\_internal\winsdk\windows\applicationmodel\voicecommands\__init__.py
   Compressing: C:\BLUE_AI\installer\..\dist\BLUE_AI\_internal\winsdk\windows\applicationmodel\voicecommands\__init__.pyi
   Compressing: C:\BLUE_AI\installer\..\dist\BLUE_AI\_internal\winsdk\windows\applicationmodel\wallet\__init__.py
   Compressing: C:\BLUE_AI\installer\..\dist\BLUE_AI\_internal\winsdk\windows\applicationmodel\wallet\__init__.pyi
   Compressing: C:\BLUE_AI\installer\..\dist\BLUE_AI\_internal\winsdk\windows\applicationmodel\wallet\system\__init__.py
   Compressing: C:\BLUE_AI\installer\..\dist\BLUE_AI\_internal\winsdk\windows\applicationmodel\wallet\system\__init__.pyi
   Compressing: C:\BLUE_AI\installer\..\dist\BLUE_AI\_internal\winsdk\windows\data\html\__init__.py
   Compressing: C:\BLUE_AI\installer\..\dist\BLUE_AI\_internal\winsdk\windows\data\html\__init__.pyi
   Compressing: C:\BLUE_AI\installer\..\dist\BLUE_AI\_internal\winsdk\windows\data\json\__init__.py
   Compressing: C:\BLUE_AI\installer\..\dist\BLUE_AI\_internal\winsdk\windows\data\json\__init__.pyi
   Compressing: C:\BLUE_AI\installer\..\dist\BLUE_AI\_internal\winsdk\windows\data\pdf\__init__.py
   Compressing: C:\BLUE_AI\installer\..\dist\BLUE_AI\_internal\winsdk\windows\data\pdf\__init__.pyi
   Compressing: C:\BLUE_AI\installer\..\dist\BLUE_AI\_internal\winsdk\windows\data\text\__init__.py
   Compressing: C:\BLUE_AI\installer\..\dist\BLUE_AI\_internal\winsdk\windows\data\text\__init__.pyi
   Compressing: C:\BLUE_AI\installer\..\dist\BLUE_AI\_internal\winsdk\windows\data\xml\dom\__init__.py
   Compressing: C:\BLUE_AI\installer\..\dist\BLUE_AI\_internal\winsdk\windows\data\xml\dom\__init__.pyi
   Compressing: C:\BLUE_AI\installer\..\dist\BLUE_AI\_internal\winsdk\windows\data\xml\xsl\__init__.py
   Compressing: C:\BLUE_AI\installer\..\dist\BLUE_AI\_internal\winsdk\windows\data\xml\xsl\__init__.pyi
   Compressing: C:\BLUE_AI\installer\..\dist\BLUE_AI\_internal\winsdk\windows\devices\__init__.py
   Compressing: C:\BLUE_AI\installer\..\dist\BLUE_AI\_internal\winsdk\windows\devices\__init__.pyi
   Compressing: C:\BLUE_AI\installer\..\dist\BLUE_AI\_internal\winsdk\windows\devices\adc\__init__.py
   Compressing: C:\BLUE_AI\installer\..\dist\BLUE_AI\_internal\winsdk\windows\devices\adc\__init__.pyi
   Compressing: C:\BLUE_AI\installer\..\dist\BLUE_AI\_internal\winsdk\windows\devices\adc\provider\__init__.py
   Compressing: C:\BLUE_AI\installer\..\dist\BLUE_AI\_internal\winsdk\windows\devices\adc\provider\__init__.pyi
   Compressing: C:\BLUE_AI\installer\..\dist\BLUE_AI\_internal\winsdk\windows\devices\alljoyn\__init__.py
   Compressing: C:\BLUE_AI\installer\..\dist\BLUE_AI\_internal\winsdk\windows\devices\alljoyn\__init__.pyi
   Compressing: C:\BLUE_AI\installer\..\dist\BLUE_AI\_internal\winsdk\windows\devices\background\__init__.py
   Compressing: C:\BLUE_AI\installer\..\dist\BLUE_AI\_internal\winsdk\windows\devices\background\__init__.pyi
   Compressing: C:\BLUE_AI\installer\..\dist\BLUE_AI\_internal\winsdk\windows\devices\bluetooth\__init__.py
   Compressing: C:\BLUE_AI\installer\..\dist\BLUE_AI\_internal\winsdk\windows\devices\bluetooth\__init__.pyi
   Compressing: C:\BLUE_AI\installer\..\dist\BLUE_AI\_internal\winsdk\windows\devices\bluetooth\advertisement\__init__.py
   Compressing: C:\BLUE_AI\installer\..\dist\BLUE_AI\_internal\winsdk\windows\devices\bluetooth\advertisement\__init__.pyi
   Compressing: C:\BLUE_AI\installer\..\dist\BLUE_AI\_internal\winsdk\windows\devices\bluetooth\background\__init__.py
   Compressing: C:\BLUE_AI\installer\..\dist\BLUE_AI\_internal\winsdk\windows\devices\bluetooth\background\__init__.pyi
   Compressing: C:\BLUE_AI\installer\..\dist\BLUE_AI\_internal\winsdk\windows\devices\bluetooth\genericattributeprofile\__init__.py
   Compressing: C:\BLUE_AI\installer\..\dist\BLUE_AI\_internal\winsdk\windows\devices\bluetooth\genericattributeprofile\__init__.pyi
   Compressing: C:\BLUE_AI\installer\..\dist\BLUE_AI\_internal\winsdk\windows\devices\bluetooth\rfcomm\__init__.py
   Compressing: C:\BLUE_AI\installer\..\dist\BLUE_AI\_internal\winsdk\windows\devices\bluetooth\rfcomm\__init__.pyi
   Compressing: C:\BLUE_AI\installer\..\dist\BLUE_AI\_internal\winsdk\windows\devices\custom\__init__.py
   Compressing: C:\BLUE_AI\installer\..\dist\BLUE_AI\_internal\winsdk\windows\devices\custom\__init__.pyi
   Compressing: C:\BLUE_AI\installer\..\dist\BLUE_AI\_internal\winsdk\windows\devices\display\__init__.py
   Compressing: C:\BLUE_AI\installer\..\dist\BLUE_AI\_internal\winsdk\windows\devices\display\__init__.pyi
   Compressing: C:\BLUE_AI\installer\..\dist\BLUE_AI\_internal\winsdk\windows\devices\display\core\__init__.py
   Compressing: C:\BLUE_AI\installer\..\dist\BLUE_AI\_internal\winsdk\windows\devices\display\core\__init__.pyi
   Compressing: C:\BLUE_AI\installer\..\dist\BLUE_AI\_internal\winsdk\windows\devices\enumeration\__init__.py
   Compressing: C:\BLUE_AI\installer\..\dist\BLUE_AI\_internal\winsdk\windows\devices\enumeration\__init__.pyi
   Compressing: C:\BLUE_AI\installer\..\dist\BLUE_AI\_internal\winsdk\windows\devices\enumeration\pnp\__init__.py
   Compressing: C:\BLUE_AI\installer\..\dist\BLUE_AI\_internal\winsdk\windows\devices\enumeration\pnp\__init__.pyi
   Compressing: C:\BLUE_AI\installer\..\dist\BLUE_AI\_internal\winsdk\windows\devices\geolocation\__init__.py
   Compressing: C:\BLUE_AI\installer\..\dist\BLUE_AI\_internal\winsdk\windows\devices\geolocation\__init__.pyi
   Compressing: C:\BLUE_AI\installer\..\dist\BLUE_AI\_internal\winsdk\windows\devices\geolocation\geofencing\__init__.py
   Compressing: C:\BLUE_AI\installer\..\dist\BLUE_AI\_internal\winsdk\windows\devices\geolocation\geofencing\__init__.pyi
   Compressing: C:\BLUE_AI\installer\..\dist\BLUE_AI\_internal\winsdk\windows\devices\geolocation\provider\__init__.py
   Compressing: C:\BLUE_AI\installer\..\dist\BLUE_AI\_internal\winsdk\windows\devices\geolocation\provider\__init__.pyi
   Compressing: C:\BLUE_AI\installer\..\dist\BLUE_AI\_internal\winsdk\windows\devices\gpio\__init__.py
   Compressing: C:\BLUE_AI\installer\..\dist\BLUE_AI\_internal\winsdk\windows\devices\gpio\__init__.pyi
   Compressing: C:\BLUE_AI\installer\..\dist\BLUE_AI\_internal\winsdk\windows\devices\gpio\provider\__init__.py
   Compressing: C:\BLUE_AI\installer\..\dist\BLUE_AI\_internal\winsdk\windows\devices\gpio\provider\__init__.pyi
   Compressing: C:\BLUE_AI\installer\..\dist\BLUE_AI\_internal\winsdk\windows\devices\haptics\__init__.py
   Compressing: C:\BLUE_AI\installer\..\dist\BLUE_AI\_internal\winsdk\windows\devices\haptics\__init__.pyi
   Compressing: C:\BLUE_AI\installer\..\dist\BLUE_AI\_internal\winsdk\windows\devices\humaninterfacedevice\__init__.py
   Compressing: C:\BLUE_AI\installer\..\dist\BLUE_AI\_internal\winsdk\windows\devices\humaninterfacedevice\__init__.pyi
   Compressing: C:\BLUE_AI\installer\..\dist\BLUE_AI\_internal\winsdk\windows\devices\i2c\__init__.py
   Compressing: C:\BLUE_AI\installer\..\dist\BLUE_AI\_internal\winsdk\windows\devices\i2c\__init__.pyi
   Compressing: C:\BLUE_AI\installer\..\dist\BLUE_AI\_internal\winsdk\windows\devices\i2c\provider\__init__.py
   Compressing: C:\BLUE_AI\installer\..\dist\BLUE_AI\_internal\winsdk\windows\devices\i2c\provider\__init__.pyi
   Compressing: C:\BLUE_AI\installer\..\dist\BLUE_AI\_internal\winsdk\windows\devices\input\__init__.py
   Compressing: C:\BLUE_AI\installer\..\dist\BLUE_AI\_internal\winsdk\windows\devices\input\__init__.pyi
   Compressing: C:\BLUE_AI\installer\..\dist\BLUE_AI\_internal\winsdk\windows\devices\input\preview\__init__.py
   Compressing: C:\BLUE_AI\installer\..\dist\BLUE_AI\_internal\winsdk\windows\devices\input\preview\__init__.pyi
   Compressing: C:\BLUE_AI\installer\..\dist\BLUE_AI\_internal\winsdk\windows\devices\lights\__init__.py
   Compressing: C:\BLUE_AI\installer\..\dist\BLUE_AI\_internal\winsdk\windows\devices\lights\__init__.pyi
   Compressing: C:\BLUE_AI\installer\..\dist\BLUE_AI\_internal\winsdk\windows\devices\lights\effects\__init__.py
   Compressing: C:\BLUE_AI\installer\..\dist\BLUE_AI\_internal\winsdk\windows\devices\lights\effects\__init__.pyi
   Compressing: C:\BLUE_AI\installer\..\dist\BLUE_AI\_internal\winsdk\windows\devices\midi\__init__.py
   Compressing: C:\BLUE_AI\installer\..\dist\BLUE_AI\_internal\winsdk\windows\devices\midi\__init__.pyi
   Compressing: C:\BLUE_AI\installer\..\dist\BLUE_AI\_internal\winsdk\windows\devices\perception\__init__.py
   Compressing: C:\BLUE_AI\installer\..\dist\BLUE_AI\_internal\winsdk\windows\devices\perception\__init__.pyi
   Compressing: C:\BLUE_AI\installer\..\dist\BLUE_AI\_internal\winsdk\windows\devices\perception\provider\__init__.py
   Compressing: C:\BLUE_AI\installer\..\dist\BLUE_AI\_internal\winsdk\windows\devices\perception\provider\__init__.pyi
   Compressing: C:\BLUE_AI\installer\..\dist\BLUE_AI\_internal\winsdk\windows\devices\pointofservice\__init__.py
   Compressing: C:\BLUE_AI\installer\..\dist\BLUE_AI\_internal\winsdk\windows\devices\pointofservice\__init__.pyi
   Compressing: C:\BLUE_AI\installer\..\dist\BLUE_AI\_internal\winsdk\windows\devices\pointofservice\provider\__init__.py
   Compressing: C:\BLUE_AI\installer\..\dist\BLUE_AI\_internal\winsdk\windows\devices\pointofservice\provider\__init__.pyi
   Compressing: C:\BLUE_AI\installer\..\dist\BLUE_AI\_internal\winsdk\windows\devices\portable\__init__.py
   Compressing: C:\BLUE_AI\installer\..\dist\BLUE_AI\_internal\winsdk\windows\devices\portable\__init__.pyi
   Compressing: C:\BLUE_AI\installer\..\dist\BLUE_AI\_internal\winsdk\windows\devices\power\__init__.py
   Compressing: C:\BLUE_AI\installer\..\dist\BLUE_AI\_internal\winsdk\windows\devices\power\__init__.pyi
   Compressing: C:\BLUE_AI\installer\..\dist\BLUE_AI\_internal\winsdk\windows\devices\printers\__init__.py
   Compressing: C:\BLUE_AI\installer\..\dist\BLUE_AI\_internal\winsdk\windows\devices\printers\__init__.pyi
   Compressing: C:\BLUE_AI\installer\..\dist\BLUE_AI\_internal\winsdk\windows\devices\printers\extensions\__init__.py
   Compressing: C:\BLUE_AI\installer\..\dist\BLUE_AI\_internal\winsdk\windows\devices\printers\extensions\__init__.pyi
   Compressing: C:\BLUE_AI\installer\..\dist\BLUE_AI\_internal\winsdk\windows\devices\pwm\__init__.py
   Compressing: C:\BLUE_AI\installer\..\dist\BLUE_AI\_internal\winsdk\windows\devices\pwm\__init__.pyi
   Compressing: C:\BLUE_AI\installer\..\dist\BLUE_AI\_internal\winsdk\windows\devices\pwm\provider\__init__.py
   Compressing: C:\BLUE_AI\installer\..\dist\BLUE_AI\_internal\winsdk\windows\devices\pwm\provider\__init__.pyi
   Compressing: C:\BLUE_AI\installer\..\dist\BLUE_AI\_internal\winsdk\windows\devices\radios\__init__.py
   Compressing: C:\BLUE_AI\installer\..\dist\BLUE_AI\_internal\winsdk\windows\devices\radios\__init__.pyi
   Compressing: C:\BLUE_AI\installer\..\dist\BLUE_AI\_internal\winsdk\windows\devices\scanners\__init__.py
   Compressing: C:\BLUE_AI\installer\..\dist\BLUE_AI\_internal\winsdk\windows\devices\scanners\__init__.pyi
   Compressing: C:\BLUE_AI\installer\..\dist\BLUE_AI\_internal\winsdk\windows\devices\sensors\__init__.py
   Compressing: C:\BLUE_AI\installer\..\dist\BLUE_AI\_internal\winsdk\windows\devices\sensors\__init__.pyi
   Compressing: C:\BLUE_AI\installer\..\dist\BLUE_AI\_internal\winsdk\windows\devices\sensors\custom\__init__.py
   Compressing: C:\BLUE_AI\installer\..\dist\BLUE_AI\_internal\winsdk\windows\devices\sensors\custom\__init__.pyi
   Compressing: C:\BLUE_AI\installer\..\dist\BLUE_AI\_internal\winsdk\windows\devices\serialcommunication\__init__.py
   Compressing: C:\BLUE_AI\installer\..\dist\BLUE_AI\_internal\winsdk\windows\devices\serialcommunication\__init__.pyi
   Compressing: C:\BLUE_AI\installer\..\dist\BLUE_AI\_internal\winsdk\windows\devices\smartcards\__init__.py
   Compressing: C:\BLUE_AI\installer\..\dist\BLUE_AI\_internal\winsdk\windows\devices\smartcards\__init__.pyi
   Compressing: C:\BLUE_AI\installer\..\dist\BLUE_AI\_internal\winsdk\windows\devices\sms\__init__.py
   Compressing: C:\BLUE_AI\installer\..\dist\BLUE_AI\_internal\winsdk\windows\devices\sms\__init__.pyi
   Compressing: C:\BLUE_AI\installer\..\dist\BLUE_AI\_internal\winsdk\windows\devices\spi\__init__.py
   Compressing: C:\BLUE_AI\installer\..\dist\BLUE_AI\_internal\winsdk\windows\devices\spi\__init__.pyi
   Compressing: C:\BLUE_AI\installer\..\dist\BLUE_AI\_internal\winsdk\windows\devices\spi\provider\__init__.py
   Compressing: C:\BLUE_AI\installer\..\dist\BLUE_AI\_internal\winsdk\windows\devices\spi\provider\__init__.pyi
   Compressing: C:\BLUE_AI\installer\..\dist\BLUE_AI\_internal\winsdk\windows\devices\usb\__init__.py
   Compressing: C:\BLUE_AI\installer\..\dist\BLUE_AI\_internal\winsdk\windows\devices\usb\__init__.pyi
   Compressing: C:\BLUE_AI\installer\..\dist\BLUE_AI\_internal\winsdk\windows\devices\wifi\__init__.py
   Compressing: C:\BLUE_AI\installer\..\dist\BLUE_AI\_internal\winsdk\windows\devices\wifi\__init__.pyi
   Compressing: C:\BLUE_AI\installer\..\dist\BLUE_AI\_internal\winsdk\windows\devices\wifidirect\__init__.py
   Compressing: C:\BLUE_AI\installer\..\dist\BLUE_AI\_internal\winsdk\windows\devices\wifidirect\__init__.pyi
   Compressing: C:\BLUE_AI\installer\..\dist\BLUE_AI\_internal\winsdk\windows\devices\wifidirect\services\__init__.py
   Compressing: C:\BLUE_AI\installer\..\dist\BLUE_AI\_internal\winsdk\windows\devices\wifidirect\services\__init__.pyi
   Compressing: C:\BLUE_AI\installer\..\dist\BLUE_AI\_internal\winsdk\windows\embedded\devicelockdown\__init__.py
   Compressing: C:\BLUE_AI\installer\..\dist\BLUE_AI\_internal\winsdk\windows\embedded\devicelockdown\__init__.pyi
   Compressing: C:\BLUE_AI\installer\..\dist\BLUE_AI\_internal\winsdk\windows\foundation\__init__.py
   Compressing: C:\BLUE_AI\installer\..\dist\BLUE_AI\_internal\winsdk\windows\foundation\__init__.pyi
   Compressing: C:\BLUE_AI\installer\..\dist\BLUE_AI\_internal\winsdk\windows\foundation\collections\__init__.py
   Compressing: C:\BLUE_AI\installer\..\dist\BLUE_AI\_internal\winsdk\windows\foundation\collections\__init__.pyi
   Compressing: C:\BLUE_AI\installer\..\dist\BLUE_AI\_internal\winsdk\windows\foundation\diagnostics\__init__.py
   Compressing: C:\BLUE_AI\installer\..\dist\BLUE_AI\_internal\winsdk\windows\foundation\diagnostics\__init__.pyi
   Compressing: C:\BLUE_AI\installer\..\dist\BLUE_AI\_internal\winsdk\windows\foundation\metadata\__init__.py
   Compressing: C:\BLUE_AI\installer\..\dist\BLUE_AI\_internal\winsdk\windows\foundation\metadata\__init__.pyi
   Compressing: C:\BLUE_AI\installer\..\dist\BLUE_AI\_internal\winsdk\windows\foundation\numerics\__init__.py
   Compressing: C:\BLUE_AI\installer\..\dist\BLUE_AI\_internal\winsdk\windows\foundation\numerics\__init__.pyi
   Compressing: C:\BLUE_AI\installer\..\dist\BLUE_AI\_internal\winsdk\windows\gaming\input\__init__.py
   Compressing: C:\BLUE_AI\installer\..\dist\BLUE_AI\_internal\winsdk\windows\gaming\input\__init__.pyi
   Compressing: C:\BLUE_AI\installer\..\dist\BLUE_AI\_internal\winsdk\windows\gaming\input\custom\__init__.py
   Compressing: C:\BLUE_AI\installer\..\dist\BLUE_AI\_internal\winsdk\windows\gaming\input\custom\__init__.pyi
   Compressing: C:\BLUE_AI\installer\..\dist\BLUE_AI\_internal\winsdk\windows\gaming\input\forcefeedback\__init__.py
   Compressing: C:\BLUE_AI\installer\..\dist\BLUE_AI\_internal\winsdk\windows\gaming\input\forcefeedback\__init__.pyi
   Compressing: C:\BLUE_AI\installer\..\dist\BLUE_AI\_internal\winsdk\windows\gaming\input\preview\__init__.py
   Compressing: C:\BLUE_AI\installer\..\dist\BLUE_AI\_internal\winsdk\windows\gaming\input\preview\__init__.pyi
   Compressing: C:\BLUE_AI\installer\..\dist\BLUE_AI\_internal\winsdk\windows\gaming\preview\gamesenumeration\__init__.py
   Compressing: C:\BLUE_AI\installer\..\dist\BLUE_AI\_internal\winsdk\windows\gaming\preview\gamesenumeration\__init__.pyi
   Compressing: C:\BLUE_AI\installer\..\dist\BLUE_AI\_internal\winsdk\windows\gaming\ui\__init__.py
   Compressing: C:\BLUE_AI\installer\..\dist\BLUE_AI\_internal\winsdk\windows\gaming\ui\__init__.pyi
   Compressing: C:\BLUE_AI\installer\..\dist\BLUE_AI\_internal\winsdk\windows\gaming\xboxlive\storage\__init__.py
   Compressing: C:\BLUE_AI\installer\..\dist\BLUE_AI\_internal\winsdk\windows\gaming\xboxlive\storage\__init__.pyi
   Compressing: C:\BLUE_AI\installer\..\dist\BLUE_AI\_internal\winsdk\windows\globalization\__init__.py
   Compressing: C:\BLUE_AI\installer\..\dist\BLUE_AI\_internal\winsdk\windows\globalization\__init__.pyi
   Compressing: C:\BLUE_AI\installer\..\dist\BLUE_AI\_internal\winsdk\windows\globalization\collation\__init__.py
   Compressing: C:\BLUE_AI\installer\..\dist\BLUE_AI\_internal\winsdk\windows\globalization\collation\__init__.pyi
   Compressing: C:\BLUE_AI\installer\..\dist\BLUE_AI\_internal\winsdk\windows\globalization\datetimeformatting\__init__.py
   Compressing: C:\BLUE_AI\installer\..\dist\BLUE_AI\_internal\winsdk\windows\globalization\datetimeformatting\__init__.pyi
   Compressing: C:\BLUE_AI\installer\..\dist\BLUE_AI\_internal\winsdk\windows\globalization\fonts\__init__.py
   Compressing: C:\BLUE_AI\installer\..\dist\BLUE_AI\_internal\winsdk\windows\globalization\fonts\__init__.pyi
   Compressing: C:\BLUE_AI\installer\..\dist\BLUE_AI\_internal\winsdk\windows\globalization\numberformatting\__init__.py
   Compressing: C:\BLUE_AI\installer\..\dist\BLUE_AI\_internal\winsdk\windows\globalization\numberformatting\__init__.pyi
   Compressing: C:\BLUE_AI\installer\..\dist\BLUE_AI\_internal\winsdk\windows\globalization\phonenumberformatting\__init__.py
   Compressing: C:\BLUE_AI\installer\..\dist\BLUE_AI\_internal\winsdk\windows\globalization\phonenumberformatting\__init__.pyi
   Compressing: C:\BLUE_AI\installer\..\dist\BLUE_AI\_internal\winsdk\windows\graphics\__init__.py
   Compressing: C:\BLUE_AI\installer\..\dist\BLUE_AI\_internal\winsdk\windows\graphics\__init__.pyi
   Compressing: C:\BLUE_AI\installer\..\dist\BLUE_AI\_internal\winsdk\windows\graphics\capture\__init__.py
   Compressing: C:\BLUE_AI\installer\..\dist\BLUE_AI\_internal\winsdk\windows\graphics\capture\__init__.pyi
   Compressing: C:\BLUE_AI\installer\..\dist\BLUE_AI\_internal\winsdk\windows\graphics\capture\interop\__init__.py
   Compressing: C:\BLUE_AI\installer\..\dist\BLUE_AI\_internal\winsdk\windows\graphics\capture\interop\__init__.pyi
   Compressing: C:\BLUE_AI\installer\..\dist\BLUE_AI\_internal\winsdk\windows\graphics\directx\__init__.py
   Compressing: C:\BLUE_AI\installer\..\dist\BLUE_AI\_internal\winsdk\windows\graphics\directx\__init__.pyi
   Compressing: C:\BLUE_AI\installer\..\dist\BLUE_AI\_internal\winsdk\windows\graphics\directx\direct3d11\__init__.py
   Compressing: C:\BLUE_AI\installer\..\dist\BLUE_AI\_internal\winsdk\windows\graphics\directx\direct3d11\__init__.pyi
   Compressing: C:\BLUE_AI\installer\..\dist\BLUE_AI\_internal\winsdk\windows\graphics\display\__init__.py
   Compressing: C:\BLUE_AI\installer\..\dist\BLUE_AI\_internal\winsdk\windows\graphics\display\__init__.pyi
   Compressing: C:\BLUE_AI\installer\..\dist\BLUE_AI\_internal\winsdk\windows\graphics\display\core\__init__.py
   Compressing: C:\BLUE_AI\installer\..\dist\BLUE_AI\_internal\winsdk\windows\graphics\display\core\__init__.pyi
   Compressing: C:\BLUE_AI\installer\..\dist\BLUE_AI\_internal\winsdk\windows\graphics\effects\__init__.py
   Compressing: C:\BLUE_AI\installer\..\dist\BLUE_AI\_internal\winsdk\windows\graphics\effects\__init__.pyi
   Compressing: C:\BLUE_AI\installer\..\dist\BLUE_AI\_internal\winsdk\windows\graphics\holographic\__init__.py
   Compressing: C:\BLUE_AI\installer\..\dist\BLUE_AI\_internal\winsdk\windows\graphics\holographic\__init__.pyi
   Compressing: C:\BLUE_AI\installer\..\dist\BLUE_AI\_internal\winsdk\windows\graphics\imaging\__init__.py
   Compressing: C:\BLUE_AI\installer\..\dist\BLUE_AI\_internal\winsdk\windows\graphics\imaging\__init__.pyi
   Compressing: C:\BLUE_AI\installer\..\dist\BLUE_AI\_internal\winsdk\windows\graphics\printing\__init__.py
   Compressing: C:\BLUE_AI\installer\..\dist\BLUE_AI\_internal\winsdk\windows\graphics\printing\__init__.pyi
   Compressing: C:\BLUE_AI\installer\..\dist\BLUE_AI\_internal\winsdk\windows\graphics\printing\optiondetails\__init__.py
   Compressing: C:\BLUE_AI\installer\..\dist\BLUE_AI\_internal\winsdk\windows\graphics\printing\optiondetails\__init__.pyi
   Compressing: C:\BLUE_AI\installer\..\dist\BLUE_AI\_internal\winsdk\windows\graphics\printing\printsupport\__init__.py
   Compressing: C:\BLUE_AI\installer\..\dist\BLUE_AI\_internal\winsdk\windows\graphics\printing\printsupport\__init__.pyi
   Compressing: C:\BLUE_AI\installer\..\dist\BLUE_AI\_internal\winsdk\windows\graphics\printing\printticket\__init__.py
   Compressing: C:\BLUE_AI\installer\..\dist\BLUE_AI\_internal\winsdk\windows\graphics\printing\printticket\__init__.pyi
   Compressing: C:\BLUE_AI\installer\..\dist\BLUE_AI\_internal\winsdk\windows\graphics\printing\workflow\__init__.py
   Compressing: C:\BLUE_AI\installer\..\dist\BLUE_AI\_internal\winsdk\windows\graphics\printing\workflow\__init__.pyi
   Compressing: C:\BLUE_AI\installer\..\dist\BLUE_AI\_internal\winsdk\windows\graphics\printing3d\__init__.py
   Compressing: C:\BLUE_AI\installer\..\dist\BLUE_AI\_internal\winsdk\windows\graphics\printing3d\__init__.pyi
   Compressing: C:\BLUE_AI\installer\..\dist\BLUE_AI\_internal\winsdk\windows\management\__init__.py
   Compressing: C:\BLUE_AI\installer\..\dist\BLUE_AI\_internal\winsdk\windows\management\__init__.pyi
   Compressing: C:\BLUE_AI\installer\..\dist\BLUE_AI\_internal\winsdk\windows\management\core\__init__.py
   Compressing: C:\BLUE_AI\installer\..\dist\BLUE_AI\_internal\winsdk\windows\management\core\__init__.pyi
   Compressing: C:\BLUE_AI\installer\..\dist\BLUE_AI\_internal\winsdk\windows\management\deployment\__init__.py
   Compressing: C:\BLUE_AI\installer\..\dist\BLUE_AI\_internal\winsdk\windows\management\deployment\__init__.pyi
   Compressing: C:\BLUE_AI\installer\..\dist\BLUE_AI\_internal\winsdk\windows\management\deployment\preview\__init__.py
   Compressing: C:\BLUE_AI\installer\..\dist\BLUE_AI\_internal\winsdk\windows\management\deployment\preview\__init__.pyi
   Compressing: C:\BLUE_AI\installer\..\dist\BLUE_AI\_internal\winsdk\windows\management\policies\__init__.py
   Compressing: C:\BLUE_AI\installer\..\dist\BLUE_AI\_internal\winsdk\windows\management\policies\__init__.pyi
   Compressing: C:\BLUE_AI\installer\..\dist\BLUE_AI\_internal\winsdk\windows\management\update\__init__.py
   Compressing: C:\BLUE_AI\installer\..\dist\BLUE_AI\_internal\winsdk\windows\management\update\__init__.pyi
   Compressing: C:\BLUE_AI\installer\..\dist\BLUE_AI\_internal\winsdk\windows\management\workplace\__init__.py
   Compressing: C:\BLUE_AI\installer\..\dist\BLUE_AI\_internal\winsdk\windows\management\workplace\__init__.pyi
   Compressing: C:\BLUE_AI\installer\..\dist\BLUE_AI\_internal\winsdk\windows\media\__init__.py
   Compressing: C:\BLUE_AI\installer\..\dist\BLUE_AI\_internal\winsdk\windows\media\__init__.pyi
   Compressing: C:\BLUE_AI\installer\..\dist\BLUE_AI\_internal\winsdk\windows\media\appbroadcasting\__init__.py
   Compressing: C:\BLUE_AI\installer\..\dist\BLUE_AI\_internal\winsdk\windows\media\appbroadcasting\__init__.pyi
   Compressing: C:\BLUE_AI\installer\..\dist\BLUE_AI\_internal\winsdk\windows\media\apprecording\__init__.py
   Compressing: C:\BLUE_AI\installer\..\dist\BLUE_AI\_internal\winsdk\windows\media\apprecording\__init__.pyi
   Compressing: C:\BLUE_AI\installer\..\dist\BLUE_AI\_internal\winsdk\windows\media\audio\__init__.py
   Compressing: C:\BLUE_AI\installer\..\dist\BLUE_AI\_internal\winsdk\windows\media\audio\__init__.pyi
   Compressing: C:\BLUE_AI\installer\..\dist\BLUE_AI\_internal\winsdk\windows\media\capture\__init__.py
   Compressing: C:\BLUE_AI\installer\..\dist\BLUE_AI\_internal\winsdk\windows\media\capture\__init__.pyi
   Compressing: C:\BLUE_AI\installer\..\dist\BLUE_AI\_internal\winsdk\windows\media\capture\core\__init__.py
   Compressing: C:\BLUE_AI\installer\..\dist\BLUE_AI\_internal\winsdk\windows\media\capture\core\__init__.pyi
   Compressing: C:\BLUE_AI\installer\..\dist\BLUE_AI\_internal\winsdk\windows\media\capture\frames\__init__.py
   Compressing: C:\BLUE_AI\installer\..\dist\BLUE_AI\_internal\winsdk\windows\media\capture\frames\__init__.pyi
   Compressing: C:\BLUE_AI\installer\..\dist\BLUE_AI\_internal\winsdk\windows\media\casting\__init__.py
   Compressing: C:\BLUE_AI\installer\..\dist\BLUE_AI\_internal\winsdk\windows\media\casting\__init__.pyi
   Compressing: C:\BLUE_AI\installer\..\dist\BLUE_AI\_internal\winsdk\windows\media\closedcaptioning\__init__.py
   Compressing: C:\BLUE_AI\installer\..\dist\BLUE_AI\_internal\winsdk\windows\media\closedcaptioning\__init__.pyi
   Compressing: C:\BLUE_AI\installer\..\dist\BLUE_AI\_internal\winsdk\windows\media\contentrestrictions\__init__.py
   Compressing: C:\BLUE_AI\installer\..\dist\BLUE_AI\_internal\winsdk\windows\media\contentrestrictions\__init__.pyi
   Compressing: C:\BLUE_AI\installer\..\dist\BLUE_AI\_internal\winsdk\windows\media\control\__init__.py
   Compressing: C:\BLUE_AI\installer\..\dist\BLUE_AI\_internal\winsdk\windows\media\control\__init__.pyi
   Compressing: C:\BLUE_AI\installer\..\dist\BLUE_AI\_internal\winsdk\windows\media\core\__init__.py
   Compressing: C:\BLUE_AI\installer\..\dist\BLUE_AI\_internal\winsdk\windows\media\core\__init__.pyi
   Compressing: C:\BLUE_AI\installer\..\dist\BLUE_AI\_internal\winsdk\windows\media\core\preview\__init__.py
   Compressing: C:\BLUE_AI\installer\..\dist\BLUE_AI\_internal\winsdk\windows\media\core\preview\__init__.pyi
   Compressing: C:\BLUE_AI\installer\..\dist\BLUE_AI\_internal\winsdk\windows\media\devices\__init__.py
   Compressing: C:\BLUE_AI\installer\..\dist\BLUE_AI\_internal\winsdk\windows\media\devices\__init__.pyi
   Compressing: C:\BLUE_AI\installer\..\dist\BLUE_AI\_internal\winsdk\windows\media\devices\core\__init__.py
   Compressing: C:\BLUE_AI\installer\..\dist\BLUE_AI\_internal\winsdk\windows\media\devices\core\__init__.pyi
   Compressing: C:\BLUE_AI\installer\..\dist\BLUE_AI\_internal\winsdk\windows\media\dialprotocol\__init__.py
   Compressing: C:\BLUE_AI\installer\..\dist\BLUE_AI\_internal\winsdk\windows\media\dialprotocol\__init__.pyi
   Compressing: C:\BLUE_AI\installer\..\dist\BLUE_AI\_internal\winsdk\windows\media\editing\__init__.py
   Compressing: C:\BLUE_AI\installer\..\dist\BLUE_AI\_internal\winsdk\windows\media\editing\__init__.pyi
   Compressing: C:\BLUE_AI\installer\..\dist\BLUE_AI\_internal\winsdk\windows\media\effects\__init__.py
   Compressing: C:\BLUE_AI\installer\..\dist\BLUE_AI\_internal\winsdk\windows\media\effects\__init__.pyi
   Compressing: C:\BLUE_AI\installer\..\dist\BLUE_AI\_internal\winsdk\windows\media\faceanalysis\__init__.py
   Compressing: C:\BLUE_AI\installer\..\dist\BLUE_AI\_internal\winsdk\windows\media\faceanalysis\__init__.pyi
   Compressing: C:\BLUE_AI\installer\..\dist\BLUE_AI\_internal\winsdk\windows\media\import\__init__.py
   Compressing: C:\BLUE_AI\installer\..\dist\BLUE_AI\_internal\winsdk\windows\media\import\__init__.pyi
   Compressing: C:\BLUE_AI\installer\..\dist\BLUE_AI\_internal\winsdk\windows\media\mediaproperties\__init__.py
   Compressing: C:\BLUE_AI\installer\..\dist\BLUE_AI\_internal\winsdk\windows\media\mediaproperties\__init__.pyi
   Compressing: C:\BLUE_AI\installer\..\dist\BLUE_AI\_internal\winsdk\windows\media\miracast\__init__.py
   Compressing: C:\BLUE_AI\installer\..\dist\BLUE_AI\_internal\winsdk\windows\media\miracast\__init__.pyi
   Compressing: C:\BLUE_AI\installer\..\dist\BLUE_AI\_internal\winsdk\windows\media\ocr\__init__.py
   Compressing: C:\BLUE_AI\installer\..\dist\BLUE_AI\_internal\winsdk\windows\media\ocr\__init__.pyi
   Compressing: C:\BLUE_AI\installer\..\dist\BLUE_AI\_internal\winsdk\windows\media\playback\__init__.py
   Compressing: C:\BLUE_AI\installer\..\dist\BLUE_AI\_internal\winsdk\windows\media\playback\__init__.pyi
   Compressing: C:\BLUE_AI\installer\..\dist\BLUE_AI\_internal\winsdk\windows\media\playlists\__init__.py
   Compressing: C:\BLUE_AI\installer\..\dist\BLUE_AI\_internal\winsdk\windows\media\playlists\__init__.pyi
   Compressing: C:\BLUE_AI\installer\..\dist\BLUE_AI\_internal\winsdk\windows\media\playto\__init__.py
   Compressing: C:\BLUE_AI\installer\..\dist\BLUE_AI\_internal\winsdk\windows\media\playto\__init__.pyi
   Compressing: C:\BLUE_AI\installer\..\dist\BLUE_AI\_internal\winsdk\windows\media\protection\__init__.py
   Compressing: C:\BLUE_AI\installer\..\dist\BLUE_AI\_internal\winsdk\windows\media\protection\__init__.pyi
   Compressing: C:\BLUE_AI\installer\..\dist\BLUE_AI\_internal\winsdk\windows\media\protection\playready\__init__.py
   Compressing: C:\BLUE_AI\installer\..\dist\BLUE_AI\_internal\winsdk\windows\media\protection\playready\__init__.pyi
   Compressing: C:\BLUE_AI\installer\..\dist\BLUE_AI\_internal\winsdk\windows\media\render\__init__.py
   Compressing: C:\BLUE_AI\installer\..\dist\BLUE_AI\_internal\winsdk\windows\media\render\__init__.pyi
   Compressing: C:\BLUE_AI\installer\..\dist\BLUE_AI\_internal\winsdk\windows\media\speechrecognition\__init__.py
   Compressing: C:\BLUE_AI\installer\..\dist\BLUE_AI\_internal\winsdk\windows\media\speechrecognition\__init__.pyi
   Compressing: C:\BLUE_AI\installer\..\dist\BLUE_AI\_internal\winsdk\windows\media\speechsynthesis\__init__.py
   Compressing: C:\BLUE_AI\installer\..\dist\BLUE_AI\_internal\winsdk\windows\media\speechsynthesis\__init__.pyi
   Compressing: C:\BLUE_AI\installer\..\dist\BLUE_AI\_internal\winsdk\windows\media\streaming\adaptive\__init__.py
   Compressing: C:\BLUE_AI\installer\..\dist\BLUE_AI\_internal\winsdk\windows\media\streaming\adaptive\__init__.pyi
   Compressing: C:\BLUE_AI\installer\..\dist\BLUE_AI\_internal\winsdk\windows\media\transcoding\__init__.py
   Compressing: C:\BLUE_AI\installer\..\dist\BLUE_AI\_internal\winsdk\windows\media\transcoding\__init__.pyi
   Compressing: C:\BLUE_AI\installer\..\dist\BLUE_AI\_internal\winsdk\windows\networking\__init__.py
   Compressing: C:\BLUE_AI\installer\..\dist\BLUE_AI\_internal\winsdk\windows\networking\__init__.pyi
   Compressing: C:\BLUE_AI\installer\..\dist\BLUE_AI\_internal\winsdk\windows\networking\backgroundtransfer\__init__.py
   Compressing: C:\BLUE_AI\installer\..\dist\BLUE_AI\_internal\winsdk\windows\networking\backgroundtransfer\__init__.pyi
   Compressing: C:\BLUE_AI\installer\..\dist\BLUE_AI\_internal\winsdk\windows\networking\connectivity\__init__.py
   Compressing: C:\BLUE_AI\installer\..\dist\BLUE_AI\_internal\winsdk\windows\networking\connectivity\__init__.pyi
   Compressing: C:\BLUE_AI\installer\..\dist\BLUE_AI\_internal\winsdk\windows\networking\networkoperators\__init__.py
   Compressing: C:\BLUE_AI\installer\..\dist\BLUE_AI\_internal\winsdk\windows\networking\networkoperators\__init__.pyi
   Compressing: C:\BLUE_AI\installer\..\dist\BLUE_AI\_internal\winsdk\windows\networking\proximity\__init__.py
   Compressing: C:\BLUE_AI\installer\..\dist\BLUE_AI\_internal\winsdk\windows\networking\proximity\__init__.pyi
   Compressing: C:\BLUE_AI\installer\..\dist\BLUE_AI\_internal\winsdk\windows\networking\pushnotifications\__init__.py
   Compressing: C:\BLUE_AI\installer\..\dist\BLUE_AI\_internal\winsdk\windows\networking\pushnotifications\__init__.pyi
   Compressing: C:\BLUE_AI\installer\..\dist\BLUE_AI\_internal\winsdk\windows\networking\servicediscovery\dnssd\__init__.py
   Compressing: C:\BLUE_AI\installer\..\dist\BLUE_AI\_internal\winsdk\windows\networking\servicediscovery\dnssd\__init__.pyi
   Compressing: C:\BLUE_AI\installer\..\dist\BLUE_AI\_internal\winsdk\windows\networking\sockets\__init__.py
   Compressing: C:\BLUE_AI\installer\..\dist\BLUE_AI\_internal\winsdk\windows\networking\sockets\__init__.pyi
   Compressing: C:\BLUE_AI\installer\..\dist\BLUE_AI\_internal\winsdk\windows\networking\vpn\__init__.py
   Compressing: C:\BLUE_AI\installer\..\dist\BLUE_AI\_internal\winsdk\windows\networking\vpn\__init__.pyi
   Compressing: C:\BLUE_AI\installer\..\dist\BLUE_AI\_internal\winsdk\windows\networking\xboxlive\__init__.py
   Compressing: C:\BLUE_AI\installer\..\dist\BLUE_AI\_internal\winsdk\windows\networking\xboxlive\__init__.pyi
   Compressing: C:\BLUE_AI\installer\..\dist\BLUE_AI\_internal\winsdk\windows\perception\__init__.py
   Compressing: C:\BLUE_AI\installer\..\dist\BLUE_AI\_internal\winsdk\windows\perception\__init__.pyi
   Compressing: C:\BLUE_AI\installer\..\dist\BLUE_AI\_internal\winsdk\windows\perception\automation\core\__init__.py
   Compressing: C:\BLUE_AI\installer\..\dist\BLUE_AI\_internal\winsdk\windows\perception\automation\core\__init__.pyi
   Compressing: C:\BLUE_AI\installer\..\dist\BLUE_AI\_internal\winsdk\windows\perception\people\__init__.py
   Compressing: C:\BLUE_AI\installer\..\dist\BLUE_AI\_internal\winsdk\windows\perception\people\__init__.pyi
   Compressing: C:\BLUE_AI\installer\..\dist\BLUE_AI\_internal\winsdk\windows\perception\spatial\__init__.py
   Compressing: C:\BLUE_AI\installer\..\dist\BLUE_AI\_internal\winsdk\windows\perception\spatial\__init__.pyi
   Compressing: C:\BLUE_AI\installer\..\dist\BLUE_AI\_internal\winsdk\windows\perception\spatial\preview\__init__.py
   Compressing: C:\BLUE_AI\installer\..\dist\BLUE_AI\_internal\winsdk\windows\perception\spatial\preview\__init__.pyi
   Compressing: C:\BLUE_AI\installer\..\dist\BLUE_AI\_internal\winsdk\windows\perception\spatial\surfaces\__init__.py
   Compressing: C:\BLUE_AI\installer\..\dist\BLUE_AI\_internal\winsdk\windows\perception\spatial\surfaces\__init__.pyi
   Compressing: C:\BLUE_AI\installer\..\dist\BLUE_AI\_internal\winsdk\windows\phone\applicationmodel\__init__.py
   Compressing: C:\BLUE_AI\installer\..\dist\BLUE_AI\_internal\winsdk\windows\phone\applicationmodel\__init__.pyi
   Compressing: C:\BLUE_AI\installer\..\dist\BLUE_AI\_internal\winsdk\windows\phone\devices\notification\__init__.py
   Compressing: C:\BLUE_AI\installer\..\dist\BLUE_AI\_internal\winsdk\windows\phone\devices\notification\__init__.pyi
   Compressing: C:\BLUE_AI\installer\..\dist\BLUE_AI\_internal\winsdk\windows\phone\devices\power\__init__.py
   Compressing: C:\BLUE_AI\installer\..\dist\BLUE_AI\_internal\winsdk\windows\phone\devices\power\__init__.pyi
   Compressing: C:\BLUE_AI\installer\..\dist\BLUE_AI\_internal\winsdk\windows\phone\management\deployment\__init__.py
   Compressing: C:\BLUE_AI\installer\..\dist\BLUE_AI\_internal\winsdk\windows\phone\management\deployment\__init__.pyi
   Compressing: C:\BLUE_AI\installer\..\dist\BLUE_AI\_internal\winsdk\windows\phone\media\devices\__init__.py
   Compressing: C:\BLUE_AI\installer\..\dist\BLUE_AI\_internal\winsdk\windows\phone\media\devices\__init__.pyi
   Compressing: C:\BLUE_AI\installer\..\dist\BLUE_AI\_internal\winsdk\windows\phone\notification\management\__init__.py
   Compressing: C:\BLUE_AI\installer\..\dist\BLUE_AI\_internal\winsdk\windows\phone\notification\management\__init__.pyi
   Compressing: C:\BLUE_AI\installer\..\dist\BLUE_AI\_internal\winsdk\windows\phone\personalinformation\__init__.py
   Compressing: C:\BLUE_AI\installer\..\dist\BLUE_AI\_internal\winsdk\windows\phone\personalinformation\__init__.pyi
   Compressing: C:\BLUE_AI\installer\..\dist\BLUE_AI\_internal\winsdk\windows\phone\personalinformation\provisioning\__init__.py
   Compressing: C:\BLUE_AI\installer\..\dist\BLUE_AI\_internal\winsdk\windows\phone\personalinformation\provisioning\__init__.pyi
   Compressing: C:\BLUE_AI\installer\..\dist\BLUE_AI\_internal\winsdk\windows\phone\speech\recognition\__init__.py
   Compressing: C:\BLUE_AI\installer\..\dist\BLUE_AI\_internal\winsdk\windows\phone\speech\recognition\__init__.pyi
   Compressing: C:\BLUE_AI\installer\..\dist\BLUE_AI\_internal\winsdk\windows\phone\startscreen\__init__.py
   Compressing: C:\BLUE_AI\installer\..\dist\BLUE_AI\_internal\winsdk\windows\phone\startscreen\__init__.pyi
   Compressing: C:\BLUE_AI\installer\..\dist\BLUE_AI\_internal\winsdk\windows\phone\system\__init__.py
   Compressing: C:\BLUE_AI\installer\..\dist\BLUE_AI\_internal\winsdk\windows\phone\system\__init__.pyi
   Compressing: C:\BLUE_AI\installer\..\dist\BLUE_AI\_internal\winsdk\windows\phone\system\power\__init__.py
   Compressing: C:\BLUE_AI\installer\..\dist\BLUE_AI\_internal\winsdk\windows\phone\system\power\__init__.pyi
   Compressing: C:\BLUE_AI\installer\..\dist\BLUE_AI\_internal\winsdk\windows\phone\system\profile\__init__.py
   Compressing: C:\BLUE_AI\installer\..\dist\BLUE_AI\_internal\winsdk\windows\phone\system\profile\__init__.pyi
   Compressing: C:\BLUE_AI\installer\..\dist\BLUE_AI\_internal\winsdk\windows\phone\system\userprofile\gameservices\core\__init__.py
   Compressing: C:\BLUE_AI\installer\..\dist\BLUE_AI\_internal\winsdk\windows\phone\ui\input\__init__.py
   Compressing: C:\BLUE_AI\installer\..\dist\BLUE_AI\_internal\winsdk\windows\phone\ui\input\__init__.pyi
   Compressing: C:\BLUE_AI\installer\..\dist\BLUE_AI\_internal\winsdk\windows\security\authentication\identity\__init__.py
   Compressing: C:\BLUE_AI\installer\..\dist\BLUE_AI\_internal\winsdk\windows\security\authentication\identity\__init__.pyi
   Compressing: C:\BLUE_AI\installer\..\dist\BLUE_AI\_internal\winsdk\windows\security\authentication\identity\core\__init__.py
   Compressing: C:\BLUE_AI\installer\..\dist\BLUE_AI\_internal\winsdk\windows\security\authentication\identity\provider\__init__.py
   Compressing: C:\BLUE_AI\installer\..\dist\BLUE_AI\_internal\winsdk\windows\security\authentication\onlineid\__init__.py
   Compressing: C:\BLUE_AI\installer\..\dist\BLUE_AI\_internal\winsdk\windows\security\authentication\onlineid\__init__.pyi
   Compressing: C:\BLUE_AI\installer\..\dist\BLUE_AI\_internal\winsdk\windows\security\authentication\web\__init__.py
   Compressing: C:\BLUE_AI\installer\..\dist\BLUE_AI\_internal\winsdk\windows\security\authentication\web\__init__.pyi
   Compressing: C:\BLUE_AI\installer\..\dist\BLUE_AI\_internal\winsdk\windows\security\authentication\web\core\__init__.py
   Compressing: C:\BLUE_AI\installer\..\dist\BLUE_AI\_internal\winsdk\windows\security\authentication\web\provider\__init__.py
   Compressing: C:\BLUE_AI\installer\..\dist\BLUE_AI\_internal\winsdk\windows\security\authorization\appcapabilityaccess\__init__.py
   Compressing: C:\BLUE_AI\installer\..\dist\BLUE_AI\_internal\winsdk\windows\security\authorization\appcapabilityaccess\__init__.pyi
   Compressing: C:\BLUE_AI\installer\..\dist\BLUE_AI\_internal\winsdk\windows\security\credentials\__init__.py
   Compressing: C:\BLUE_AI\installer\..\dist\BLUE_AI\_internal\winsdk\windows\security\credentials\__init__.pyi
   Compressing: C:\BLUE_AI\installer\..\dist\BLUE_AI\_internal\winsdk\windows\security\credentials\ui\__init__.py
   Compressing: C:\BLUE_AI\installer\..\dist\BLUE_AI\_internal\winsdk\windows\security\credentials\ui\__init__.pyi
   Compressing: C:\BLUE_AI\installer\..\dist\BLUE_AI\_internal\winsdk\windows\security\cryptography\__init__.py
   Compressing: C:\BLUE_AI\installer\..\dist\BLUE_AI\_internal\winsdk\windows\security\cryptography\__init__.pyi
   Compressing: C:\BLUE_AI\installer\..\dist\BLUE_AI\_internal\winsdk\windows\security\cryptography\certificates\__init__.py
   Compressing: C:\BLUE_AI\installer\..\dist\BLUE_AI\_internal\winsdk\windows\security\cryptography\certificates\__init__.pyi
   Compressing: C:\BLUE_AI\installer\..\dist\BLUE_AI\_internal\winsdk\windows\security\cryptography\core\__init__.py
   Compressing: C:\BLUE_AI\installer\..\dist\BLUE_AI\_internal\winsdk\windows\security\cryptography\core\__init__.pyi
   Compressing: C:\BLUE_AI\installer\..\dist\BLUE_AI\_internal\winsdk\windows\security\cryptography\dataprotection\__init__.py
   Compressing: C:\BLUE_AI\installer\..\dist\BLUE_AI\_internal\winsdk\windows\security\cryptography\dataprotection\__init__.pyi
   Compressing: C:\BLUE_AI\installer\..\dist\BLUE_AI\_internal\winsdk\windows\security\dataprotection\__init__.py
   Compressing: C:\BLUE_AI\installer\..\dist\BLUE_AI\_internal\winsdk\windows\security\dataprotection\__init__.pyi
   Compressing: C:\BLUE_AI\installer\..\dist\BLUE_AI\_internal\winsdk\windows\security\enterprisedata\__init__.py
   Compressing: C:\BLUE_AI\installer\..\dist\BLUE_AI\_internal\winsdk\windows\security\enterprisedata\__init__.pyi
   Compressing: C:\BLUE_AI\installer\..\dist\BLUE_AI\_internal\winsdk\windows\security\exchangeactivesyncprovisioning\__init__.py
   Compressing: C:\BLUE_AI\installer\..\dist\BLUE_AI\_internal\winsdk\windows\security\exchangeactivesyncprovisioning\__init__.pyi
   Compressing: C:\BLUE_AI\installer\..\dist\BLUE_AI\_internal\winsdk\windows\security\isolation\__init__.py
   Compressing: C:\BLUE_AI\installer\..\dist\BLUE_AI\_internal\winsdk\windows\security\isolation\__init__.pyi
   Compressing: C:\BLUE_AI\installer\..\dist\BLUE_AI\_internal\winsdk\windows\services\cortana\__init__.py
   Compressing: C:\BLUE_AI\installer\..\dist\BLUE_AI\_internal\winsdk\windows\services\cortana\__init__.pyi
   Compressing: C:\BLUE_AI\installer\..\dist\BLUE_AI\_internal\winsdk\windows\services\maps\__init__.py
   Compressing: C:\BLUE_AI\installer\..\dist\BLUE_AI\_internal\winsdk\windows\services\maps\__init__.pyi
   Compressing: C:\BLUE_AI\installer\..\dist\BLUE_AI\_internal\winsdk\windows\services\maps\guidance\__init__.py
   Compressing: C:\BLUE_AI\installer\..\dist\BLUE_AI\_internal\winsdk\windows\services\maps\guidance\__init__.pyi
   Compressing: C:\BLUE_AI\installer\..\dist\BLUE_AI\_internal\winsdk\windows\services\maps\localsearch\__init__.py
   Compressing: C:\BLUE_AI\installer\..\dist\BLUE_AI\_internal\winsdk\windows\services\maps\localsearch\__init__.pyi
   Compressing: C:\BLUE_AI\installer\..\dist\BLUE_AI\_internal\winsdk\windows\services\maps\offlinemaps\__init__.py
   Compressing: C:\BLUE_AI\installer\..\dist\BLUE_AI\_internal\winsdk\windows\services\maps\offlinemaps\__init__.pyi
   Compressing: C:\BLUE_AI\installer\..\dist\BLUE_AI\_internal\winsdk\windows\services\store\__init__.py
   Compressing: C:\BLUE_AI\installer\..\dist\BLUE_AI\_internal\winsdk\windows\services\store\__init__.pyi
   Compressing: C:\BLUE_AI\installer\..\dist\BLUE_AI\_internal\winsdk\windows\services\targetedcontent\__init__.py
   Compressing: C:\BLUE_AI\installer\..\dist\BLUE_AI\_internal\winsdk\windows\services\targetedcontent\__init__.pyi
   Compressing: C:\BLUE_AI\installer\..\dist\BLUE_AI\_internal\winsdk\windows\storage\__init__.py
   Compressing: C:\BLUE_AI\installer\..\dist\BLUE_AI\_internal\winsdk\windows\storage\__init__.pyi
   Compressing: C:\BLUE_AI\installer\..\dist\BLUE_AI\_internal\winsdk\windows\storage\accesscache\__init__.py
   Compressing: C:\BLUE_AI\installer\..\dist\BLUE_AI\_internal\winsdk\windows\storage\accesscache\__init__.pyi
   Compressing: C:\BLUE_AI\installer\..\dist\BLUE_AI\_internal\winsdk\windows\storage\bulkaccess\__init__.py
   Compressing: C:\BLUE_AI\installer\..\dist\BLUE_AI\_internal\winsdk\windows\storage\bulkaccess\__init__.pyi
   Compressing: C:\BLUE_AI\installer\..\dist\BLUE_AI\_internal\winsdk\windows\storage\compression\__init__.py
   Compressing: C:\BLUE_AI\installer\..\dist\BLUE_AI\_internal\winsdk\windows\storage\compression\__init__.pyi
   Compressing: C:\BLUE_AI\installer\..\dist\BLUE_AI\_internal\winsdk\windows\storage\fileproperties\__init__.py
   Compressing: C:\BLUE_AI\installer\..\dist\BLUE_AI\_internal\winsdk\windows\storage\fileproperties\__init__.pyi
   Compressing: C:\BLUE_AI\installer\..\dist\BLUE_AI\_internal\winsdk\windows\storage\pickers\__init__.py
   Compressing: C:\BLUE_AI\installer\..\dist\BLUE_AI\_internal\winsdk\windows\storage\pickers\__init__.pyi
   Compressing: C:\BLUE_AI\installer\..\dist\BLUE_AI\_internal\winsdk\windows\storage\pickers\provider\__init__.py
   Compressing: C:\BLUE_AI\installer\..\dist\BLUE_AI\_internal\winsdk\windows\storage\pickers\provider\__init__.pyi
   Compressing: C:\BLUE_AI\installer\..\dist\BLUE_AI\_internal\winsdk\windows\storage\provider\__init__.py
   Compressing: C:\BLUE_AI\installer\..\dist\BLUE_AI\_internal\winsdk\windows\storage\provider\__init__.pyi
   Compressing: C:\BLUE_AI\installer\..\dist\BLUE_AI\_internal\winsdk\windows\storage\search\__init__.py
   Compressing: C:\BLUE_AI\installer\..\dist\BLUE_AI\_internal\winsdk\windows\storage\search\__init__.pyi
   Compressing: C:\BLUE_AI\installer\..\dist\BLUE_AI\_internal\winsdk\windows\storage\streams\__init__.py
   Compressing: C:\BLUE_AI\installer\..\dist\BLUE_AI\_internal\winsdk\windows\storage\streams\__init__.pyi
   Compressing: C:\BLUE_AI\installer\..\dist\BLUE_AI\_internal\winsdk\windows\system\__init__.py
   Compressing: C:\BLUE_AI\installer\..\dist\BLUE_AI\_internal\winsdk\windows\system\__init__.pyi
   Compressing: C:\BLUE_AI\installer\..\dist\BLUE_AI\_internal\winsdk\windows\system\diagnostics\__init__.py
   Compressing: C:\BLUE_AI\installer\..\dist\BLUE_AI\_internal\winsdk\windows\system\diagnostics\__init__.pyi
   Compressing: C:\BLUE_AI\installer\..\dist\BLUE_AI\_internal\winsdk\windows\system\diagnostics\deviceportal\__init__.py
   Compressing: C:\BLUE_AI\installer\..\dist\BLUE_AI\_internal\winsdk\windows\system\diagnostics\deviceportal\__init__.pyi
   Compressing: C:\BLUE_AI\installer\..\dist\BLUE_AI\_internal\winsdk\windows\system\diagnostics\telemetry\__init__.py
   Compressing: C:\BLUE_AI\installer\..\dist\BLUE_AI\_internal\winsdk\windows\system\diagnostics\telemetry\__init__.pyi
   Compressing: C:\BLUE_AI\installer\..\dist\BLUE_AI\_internal\winsdk\windows\system\diagnostics\tracereporting\__init__.py
   Compressing: C:\BLUE_AI\installer\..\dist\BLUE_AI\_internal\winsdk\windows\system\diagnostics\tracereporting\__init__.pyi
   Compressing: C:\BLUE_AI\installer\..\dist\BLUE_AI\_internal\winsdk\windows\system\display\__init__.py
   Compressing: C:\BLUE_AI\installer\..\dist\BLUE_AI\_internal\winsdk\windows\system\display\__init__.pyi
   Compressing: C:\BLUE_AI\installer\..\dist\BLUE_AI\_internal\winsdk\windows\system\implementation\fileexplorer\__init__.py
   Compressing: C:\BLUE_AI\installer\..\dist\BLUE_AI\_internal\winsdk\windows\system\implementation\fileexplorer\__init__.pyi
   Compressing: C:\BLUE_AI\installer\..\dist\BLUE_AI\_internal\winsdk\windows\system\inventory\__init__.py
   Compressing: C:\BLUE_AI\installer\..\dist\BLUE_AI\_internal\winsdk\windows\system\inventory\__init__.pyi
   Compressing: C:\BLUE_AI\installer\..\dist\BLUE_AI\_internal\winsdk\windows\system\power\__init__.py
   Compressing: C:\BLUE_AI\installer\..\dist\BLUE_AI\_internal\winsdk\windows\system\power\__init__.pyi
   Compressing: C:\BLUE_AI\installer\..\dist\BLUE_AI\_internal\winsdk\windows\system\power\diagnostics\__init__.py
   Compressing: C:\BLUE_AI\installer\..\dist\BLUE_AI\_internal\winsdk\windows\system\power\diagnostics\__init__.pyi
   Compressing: C:\BLUE_AI\installer\..\dist\BLUE_AI\_internal\winsdk\windows\system\preview\__init__.py
   Compressing: C:\BLUE_AI\installer\..\dist\BLUE_AI\_internal\winsdk\windows\system\preview\__init__.pyi
   Compressing: C:\BLUE_AI\installer\..\dist\BLUE_AI\_internal\winsdk\windows\system\profile\__init__.py
   Compressing: C:\BLUE_AI\installer\..\dist\BLUE_AI\_internal\winsdk\windows\system\profile\__init__.pyi
   Compressing: C:\BLUE_AI\installer\..\dist\BLUE_AI\_internal\winsdk\windows\system\profile\systemmanufacturers\__init__.py
   Compressing: C:\BLUE_AI\installer\..\dist\BLUE_AI\_internal\winsdk\windows\system\profile\systemmanufacturers\__init__.pyi
   Compressing: C:\BLUE_AI\installer\..\dist\BLUE_AI\_internal\winsdk\windows\system\remotedesktop\__init__.py
   Compressing: C:\BLUE_AI\installer\..\dist\BLUE_AI\_internal\winsdk\windows\system\remotedesktop\__init__.pyi
   Compressing: C:\BLUE_AI\installer\..\dist\BLUE_AI\_internal\winsdk\windows\system\remotedesktop\input\__init__.py
   Compressing: C:\BLUE_AI\installer\..\dist\BLUE_AI\_internal\winsdk\windows\system\remotedesktop\input\__init__.pyi
   Compressing: C:\BLUE_AI\installer\..\dist\BLUE_AI\_internal\winsdk\windows\system\remotedesktop\provider\__init__.py
   Compressing: C:\BLUE_AI\installer\..\dist\BLUE_AI\_internal\winsdk\windows\system\remotedesktop\provider\__init__.pyi
   Compressing: C:\BLUE_AI\installer\..\dist\BLUE_AI\_internal\winsdk\windows\system\remotesystems\__init__.py
   Compressing: C:\BLUE_AI\installer\..\dist\BLUE_AI\_internal\winsdk\windows\system\remotesystems\__init__.pyi
   Compressing: C:\BLUE_AI\installer\..\dist\BLUE_AI\_internal\winsdk\windows\system\threading\__init__.py
   Compressing: C:\BLUE_AI\installer\..\dist\BLUE_AI\_internal\winsdk\windows\system\threading\__init__.pyi
   Compressing: C:\BLUE_AI\installer\..\dist\BLUE_AI\_internal\winsdk\windows\system\threading\core\__init__.py
   Compressing: C:\BLUE_AI\installer\..\dist\BLUE_AI\_internal\winsdk\windows\system\threading\core\__init__.pyi
   Compressing: C:\BLUE_AI\installer\..\dist\BLUE_AI\_internal\winsdk\windows\system\update\__init__.py
   Compressing: C:\BLUE_AI\installer\..\dist\BLUE_AI\_internal\winsdk\windows\system\update\__init__.pyi
   Compressing: C:\BLUE_AI\installer\..\dist\BLUE_AI\_internal\winsdk\windows\system\userprofile\__init__.py
   Compressing: C:\BLUE_AI\installer\..\dist\BLUE_AI\_internal\winsdk\windows\system\userprofile\__init__.pyi
   Compressing: C:\BLUE_AI\installer\..\dist\BLUE_AI\_internal\winsdk\windows\ui\__init__.py
   Compressing: C:\BLUE_AI\installer\..\dist\BLUE_AI\_internal\winsdk\windows\ui\__init__.pyi
   Compressing: C:\BLUE_AI\installer\..\dist\BLUE_AI\_internal\winsdk\windows\ui\accessibility\__init__.py
   Compressing: C:\BLUE_AI\installer\..\dist\BLUE_AI\_internal\winsdk\windows\ui\accessibility\__init__.pyi
   Compressing: C:\BLUE_AI\installer\..\dist\BLUE_AI\_internal\winsdk\windows\ui\applicationsettings\__init__.py
   Compressing: C:\BLUE_AI\installer\..\dist\BLUE_AI\_internal\winsdk\windows\ui\applicationsettings\__init__.pyi
   Compressing: C:\BLUE_AI\installer\..\dist\BLUE_AI\_internal\winsdk\windows\ui\core\__init__.py
   Compressing: C:\BLUE_AI\installer\..\dist\BLUE_AI\_internal\winsdk\windows\ui\core\__init__.pyi
   Compressing: C:\BLUE_AI\installer\..\dist\BLUE_AI\_internal\winsdk\windows\ui\core\animationmetrics\__init__.py
   Compressing: C:\BLUE_AI\installer\..\dist\BLUE_AI\_internal\winsdk\windows\ui\core\animationmetrics\__init__.pyi
   Compressing: C:\BLUE_AI\installer\..\dist\BLUE_AI\_internal\winsdk\windows\ui\core\preview\__init__.py
   Compressing: C:\BLUE_AI\installer\..\dist\BLUE_AI\_internal\winsdk\windows\ui\core\preview\__init__.pyi
   Compressing: C:\BLUE_AI\installer\..\dist\BLUE_AI\_internal\winsdk\windows\ui\core\preview\communications\__init__.py
   Compressing: C:\BLUE_AI\installer\..\dist\BLUE_AI\_internal\winsdk\windows\ui\input\__init__.py
   Compressing: C:\BLUE_AI\installer\..\dist\BLUE_AI\_internal\winsdk\windows\ui\input\__init__.pyi
   Compressing: C:\BLUE_AI\installer\..\dist\BLUE_AI\_internal\winsdk\windows\ui\input\core\__init__.py
   Compressing: C:\BLUE_AI\installer\..\dist\BLUE_AI\_internal\winsdk\windows\ui\input\core\__init__.pyi
   Compressing: C:\BLUE_AI\installer\..\dist\BLUE_AI\_internal\winsdk\windows\ui\input\inking\__init__.py
   Compressing: C:\BLUE_AI\installer\..\dist\BLUE_AI\_internal\winsdk\windows\ui\input\inking\__init__.pyi
   Compressing: C:\BLUE_AI\installer\..\dist\BLUE_AI\_internal\winsdk\windows\ui\input\inking\analysis\__init__.py
   Compressing: C:\BLUE_AI\installer\..\dist\BLUE_AI\_internal\winsdk\windows\ui\input\inking\core\__init__.py
   Compressing: C:\BLUE_AI\installer\..\dist\BLUE_AI\_internal\winsdk\windows\ui\input\inking\preview\__init__.py
   Compressing: C:\BLUE_AI\installer\..\dist\BLUE_AI\_internal\winsdk\windows\ui\input\preview\__init__.py
   Compressing: C:\BLUE_AI\installer\..\dist\BLUE_AI\_internal\winsdk\windows\ui\input\preview\__init__.pyi
   Compressing: C:\BLUE_AI\installer\..\dist\BLUE_AI\_internal\winsdk\windows\ui\input\preview\injection\__init__.py
   Compressing: C:\BLUE_AI\installer\..\dist\BLUE_AI\_internal\winsdk\windows\ui\input\spatial\__init__.py
   Compressing: C:\BLUE_AI\installer\..\dist\BLUE_AI\_internal\winsdk\windows\ui\input\spatial\__init__.pyi
   Compressing: C:\BLUE_AI\installer\..\dist\BLUE_AI\_internal\winsdk\windows\ui\notifications\__init__.py
   Compressing: C:\BLUE_AI\installer\..\dist\BLUE_AI\_internal\winsdk\windows\ui\notifications\__init__.pyi
   Compressing: C:\BLUE_AI\installer\..\dist\BLUE_AI\_internal\winsdk\windows\ui\notifications\management\__init__.py
   Compressing: C:\BLUE_AI\installer\..\dist\BLUE_AI\_internal\winsdk\windows\ui\notifications\management\__init__.pyi
   Compressing: C:\BLUE_AI\installer\..\dist\BLUE_AI\_internal\winsdk\windows\ui\popups\__init__.py
   Compressing: C:\BLUE_AI\installer\..\dist\BLUE_AI\_internal\winsdk\windows\ui\popups\__init__.pyi
   Compressing: C:\BLUE_AI\installer\..\dist\BLUE_AI\_internal\winsdk\windows\ui\shell\__init__.py
   Compressing: C:\BLUE_AI\installer\..\dist\BLUE_AI\_internal\winsdk\windows\ui\shell\__init__.pyi
   Compressing: C:\BLUE_AI\installer\..\dist\BLUE_AI\_internal\winsdk\windows\ui\startscreen\__init__.py
   Compressing: C:\BLUE_AI\installer\..\dist\BLUE_AI\_internal\winsdk\windows\ui\startscreen\__init__.pyi
   Compressing: C:\BLUE_AI\installer\..\dist\BLUE_AI\_internal\winsdk\windows\ui\text\__init__.py
   Compressing: C:\BLUE_AI\installer\..\dist\BLUE_AI\_internal\winsdk\windows\ui\text\__init__.pyi
   Compressing: C:\BLUE_AI\installer\..\dist\BLUE_AI\_internal\winsdk\windows\ui\text\core\__init__.py
   Compressing: C:\BLUE_AI\installer\..\dist\BLUE_AI\_internal\winsdk\windows\ui\text\core\__init__.pyi
   Compressing: C:\BLUE_AI\installer\..\dist\BLUE_AI\_internal\winsdk\windows\ui\uiautomation\__init__.py
   Compressing: C:\BLUE_AI\installer\..\dist\BLUE_AI\_internal\winsdk\windows\ui\uiautomation\__init__.pyi
   Compressing: C:\BLUE_AI\installer\..\dist\BLUE_AI\_internal\winsdk\windows\ui\uiautomation\core\__init__.py
   Compressing: C:\BLUE_AI\installer\..\dist\BLUE_AI\_internal\winsdk\windows\ui\uiautomation\core\__init__.pyi
   Compressing: C:\BLUE_AI\installer\..\dist\BLUE_AI\_internal\winsdk\windows\ui\viewmanagement\__init__.py
   Compressing: C:\BLUE_AI\installer\..\dist\BLUE_AI\_internal\winsdk\windows\ui\viewmanagement\__init__.pyi
   Compressing: C:\BLUE_AI\installer\..\dist\BLUE_AI\_internal\winsdk\windows\ui\viewmanagement\core\__init__.py
   Compressing: C:\BLUE_AI\installer\..\dist\BLUE_AI\_internal\winsdk\windows\ui\viewmanagement\core\__init__.pyi
   Compressing: C:\BLUE_AI\installer\..\dist\BLUE_AI\_internal\winsdk\windows\ui\webui\__init__.py
   Compressing: C:\BLUE_AI\installer\..\dist\BLUE_AI\_internal\winsdk\windows\ui\webui\__init__.pyi
   Compressing: C:\BLUE_AI\installer\..\dist\BLUE_AI\_internal\winsdk\windows\ui\webui\core\__init__.py
   Compressing: C:\BLUE_AI\installer\..\dist\BLUE_AI\_internal\winsdk\windows\ui\webui\core\__init__.pyi
   Compressing: C:\BLUE_AI\installer\..\dist\BLUE_AI\_internal\winsdk\windows\ui\windowmanagement\__init__.py
   Compressing: C:\BLUE_AI\installer\..\dist\BLUE_AI\_internal\winsdk\windows\ui\windowmanagement\__init__.pyi
   Compressing: C:\BLUE_AI\installer\..\dist\BLUE_AI\_internal\winsdk\windows\ui\windowmanagement\preview\__init__.py
   Compressing: C:\BLUE_AI\installer\..\dist\BLUE_AI\_internal\winsdk\windows\ui\windowmanagement\preview\__init__.pyi
   Compressing: C:\BLUE_AI\installer\..\dist\BLUE_AI\_internal\winsdk\windows\web\__init__.py
   Compressing: C:\BLUE_AI\installer\..\dist\BLUE_AI\_internal\winsdk\windows\web\__init__.pyi
   Compressing: C:\BLUE_AI\installer\..\dist\BLUE_AI\_internal\winsdk\windows\web\atompub\__init__.py
   Compressing: C:\BLUE_AI\installer\..\dist\BLUE_AI\_internal\winsdk\windows\web\atompub\__init__.pyi
   Compressing: C:\BLUE_AI\installer\..\dist\BLUE_AI\_internal\winsdk\windows\web\http\__init__.py
   Compressing: C:\BLUE_AI\installer\..\dist\BLUE_AI\_internal\winsdk\windows\web\http\__init__.pyi
   Compressing: C:\BLUE_AI\installer\..\dist\BLUE_AI\_internal\winsdk\windows\web\http\diagnostics\__init__.py
   Compressing: C:\BLUE_AI\installer\..\dist\BLUE_AI\_internal\winsdk\windows\web\http\diagnostics\__init__.pyi
   Compressing: C:\BLUE_AI\installer\..\dist\BLUE_AI\_internal\winsdk\windows\web\http\filters\__init__.py
   Compressing: C:\BLUE_AI\installer\..\dist\BLUE_AI\_internal\winsdk\windows\web\http\filters\__init__.pyi
   Compressing: C:\BLUE_AI\installer\..\dist\BLUE_AI\_internal\winsdk\windows\web\http\headers\__init__.py
   Compressing: C:\BLUE_AI\installer\..\dist\BLUE_AI\_internal\winsdk\windows\web\http\headers\__init__.pyi
   Compressing: C:\BLUE_AI\installer\..\dist\BLUE_AI\_internal\winsdk\windows\web\syndication\__init__.py
   Compressing: C:\BLUE_AI\installer\..\dist\BLUE_AI\_internal\winsdk\windows\web\syndication\__init__.pyi
   Compressing: C:\BLUE_AI\installer\..\dist\BLUE_AI\_internal\winsdk\windows\web\ui\__init__.py
   Compressing: C:\BLUE_AI\installer\..\dist\BLUE_AI\_internal\winsdk\windows\web\ui\__init__.pyi
   Compressing: C:\BLUE_AI\installer\..\dist\BLUE_AI\_internal\winsdk\windows\web\ui\interop\__init__.py
   Compressing: C:\BLUE_AI\installer\..\dist\BLUE_AI\_internal\winsdk\windows\web\ui\interop\__init__.pyi
   Compressing: C:\BLUE_AI\installer\..\dist\BLUE_AI\_internal\winsdk-1.0.0b10.dist-info\INSTALLER
   Compressing: C:\BLUE_AI\installer\..\dist\BLUE_AI\_internal\winsdk-1.0.0b10.dist-info\LICENSE
   Compressing: C:\BLUE_AI\installer\..\dist\BLUE_AI\_internal\winsdk-1.0.0b10.dist-info\METADATA
   Compressing: C:\BLUE_AI\installer\..\dist\BLUE_AI\_internal\winsdk-1.0.0b10.dist-info\RECORD
   Compressing: C:\BLUE_AI\installer\..\dist\BLUE_AI\_internal\winsdk-1.0.0b10.dist-info\REQUESTED
   Compressing: C:\BLUE_AI\installer\..\dist\BLUE_AI\_internal\winsdk-1.0.0b10.dist-info\top_level.txt
   Compressing: C:\BLUE_AI\installer\..\dist\BLUE_AI\_internal\winsdk-1.0.0b10.dist-info\WHEEL
   Compressing: C:\BLUE_AI\installer\..\dist\BLUE_AI\_internal\yaml\_yaml.cp312-win_amd64.pyd
   Compressing: C:\BLUE_AI\installer\..\dist\BLUE_AI\_internal\yarl\_quoting_c.cp312-win_amd64.pyd
   Compressing: C:\BLUE_AI\installer\..\dist\BLUE_AI\_internal\_sounddevice_data\portaudio-binaries\libportaudio64bit-asio.dll
   Compressing: C:\BLUE_AI\installer\..\dist\BLUE_AI\_internal\_sounddevice_data\portaudio-binaries\libportaudio64bit.dll
   Compressing: C:\BLUE_AI\installer\..\dist\BLUE_AI\_internal\_sounddevice_data\portaudio-binaries\README.md
   Compressing: C:\BLUE_AI\installer\..\dist\BLUE_AI\_internal\_soundfile_data\COPYING
   Compressing: C:\BLUE_AI\installer\..\dist\BLUE_AI\_internal\_soundfile_data\libsndfile_x64.dll
   Compressing: C:\BLUE_AI\installer\post_install.bat
   Compressing: C:\BLUE_AI\installer\blue_ai.ico
   Compressing Setup program executable
   Updating version info (Setup.exe)
   Updating manifest (Setup.exe)

Warning: The [Setup] section directive "PrivilegesRequired" is set to "admin" but per-user areas (HKCU) are used by the script. Regardless of the version of Windows, if the installation is running in administrative install mode then you should be careful about making any per-user area changes: such changes may not achieve what you are intending. See the "UsedUserAreasWarning" topic in help file for more information.
Warning: Line 146, Column 3: [Hint] Variable 'PROGRAMFILESX86' never used
Warning: Line 147, Column 3: [Hint] Variable 'SYSTEMPATH' never used

Successful compile (158,578 sec). Resulting Setup program filename is:
C:\BLUE_AI\output\BLUE_AI_Setup_v1.0.0.exe
